<?xml version = '1.0' encoding = 'UTF-8'?>
<Diagram class="oracle.dbtools.crest.swingui.logical.DPVLogical" name="Logical" id="FBE0855F-E8C1-0D78-1B3C-7B53DC830244">
<createdBy>ccarv</createdBy>
<modifiedBy>ccarv</modifiedBy>
<createdTime>2026-01-12 21:58:55 UTC</createdTime>
<autoRoute>false</autoRoute>
<boxInbox>true</boxInbox>
<showLegend>false</showLegend>
<showLabels>false</showLabels>
<showRelAttributes>false</showRelAttributes>
<gridEnabled>false</gridEnabled>
<showGrid>false</showGrid>
<diagramColor>-1</diagramColor>
<display>false</display>
<notation>0</notation>
<objectViews>
<OView class="oracle.dbtools.crest.swingui.logical.TVEntity" oid="096C9406-C01E-190E-75AF-B4F6B7C38593" otype="Entity" vid="48332B6E-8719-A56F-8479-361F3F259FB7">
<hideElementsInCurrentOnly>false</hideElementsInCurrentOnly>
<bounds x="914" y="20" width="193" height="133"/>
</OView>
<OView class="oracle.dbtools.crest.swingui.logical.TVEntity" oid="56C9ED84-7043-B804-BD14-4284074BC092" otype="Entity" vid="1B87D32F-E49E-4C38-858B-7281F5A79E5C">
<hideElementsInCurrentOnly>false</hideElementsInCurrentOnly>
<bounds x="587" y="229" width="254" height="117"/>
</OView>
<OView class="oracle.dbtools.crest.swingui.logical.TVEntity" oid="5DD395DD-D7BA-F37D-E2A4-63DB50BE3B7D" otype="Entity" vid="65010DB3-9E74-F017-FEB3-150DA00128B2">
<hideElementsInCurrentOnly>false</hideElementsInCurrentOnly>
<bounds x="905" y="188" width="206" height="143"/>
</OView>
<OView class="oracle.dbtools.crest.swingui.logical.TVEntity" oid="6B082FAE-F4A7-A5A6-F0D8-3215E1B3569C" otype="Entity" vid="E01EAF8D-FA1A-379E-0A46-04F69F5BB41E">
<hideElementsInCurrentOnly>false</hideElementsInCurrentOnly>
<bounds x="308" y="42" width="200" height="56"/>
</OView>
<OView class="oracle.dbtools.crest.swingui.logical.TVEntity" oid="A65DFF94-8FFC-AB17-D948-5B5BA98BA2D4" otype="Entity" vid="E4F9E023-464A-CDF1-6F6B-78B43D02314E">
<hideElementsInCurrentOnly>false</hideElementsInCurrentOnly>
<bounds x="36" y="22" width="487" height="160"/>
</OView>
<OView class="oracle.dbtools.crest.swingui.logical.TVEntity" oid="A94F818A-FEAC-F123-F720-34F479202A4B" otype="Entity" vid="4CD44F9A-6DFA-F261-A13B-BE90912D5229">
<hideElementsInCurrentOnly>false</hideElementsInCurrentOnly>
<bounds x="308" y="108" width="203" height="56"/>
</OView>
<OView class="oracle.dbtools.crest.swingui.logical.TVEntity" oid="B0CADC77-09CC-A1A5-88AC-9B329C285693" otype="Entity" vid="0BCB4E7D-C57C-FB4A-6604-7C587C7C117D">
<hideElementsInCurrentOnly>false</hideElementsInCurrentOnly>
<bounds x="582" y="19" width="245" height="140"/>
</OView>
<OView class="oracle.dbtools.crest.swingui.logical.TVEntity" oid="E3336607-3B2D-8FE6-7055-ACDC0CFF2C61" otype="Entity" vid="A4B5F2BF-5A18-9DEA-89D1-EC35B1277CB7">
<hideElementsInCurrentOnly>false</hideElementsInCurrentOnly>
<bounds x="930" y="381" width="170" height="104"/>
</OView>
</objectViews>
<connectors>
<Connector class="oracle.dbtools.crest.swingui.logical.TVInheritanceRelation" oid="2223658F-5B98-C253-1588-2D2FD145ACCC" otype="Hierarchy relation" vid_source="E4F9E023-464A-CDF1-6F6B-78B43D02314E" vid_target="4CD44F9A-6DFA-F261-A13B-BE90912D5229">
<hideElementsInCurrentOnly>false</hideElementsInCurrentOnly>
<backgroundColor>-65536</backgroundColor>
<lineWidth>1</lineWidth>
</Connector>
<Connector class="oracle.dbtools.crest.swingui.logical.TVRelation" oid="23D3B76D-6DC3-92EA-62E6-69579C87167B" otype="Relation" vid_source="0BCB4E7D-C57C-FB4A-6604-7C587C7C117D" vid_target="1B87D32F-E49E-4C38-858B-7281F5A79E5C">
<hideElementsInCurrentOnly>false</hideElementsInCurrentOnly>
<backgroundColor>-16777216</backgroundColor>
<lineWidth>1</lineWidth>
<points>
<point x="707" y="159"/>
<point x="707" y="229"/>
</points>
</Connector>
<Connector class="oracle.dbtools.crest.swingui.logical.TVInheritanceRelation" oid="4DC9B6F7-7AD8-EFC5-AE0D-E4E1F92E6B69" otype="Hierarchy relation" vid_source="E4F9E023-464A-CDF1-6F6B-78B43D02314E" vid_target="E01EAF8D-FA1A-379E-0A46-04F69F5BB41E">
<hideElementsInCurrentOnly>false</hideElementsInCurrentOnly>
<backgroundColor>-65536</backgroundColor>
<lineWidth>1</lineWidth>
</Connector>
<Connector class="oracle.dbtools.crest.swingui.logical.TVRelation" oid="5B33648E-E83C-9E65-ADA9-654579D4873F" otype="Relation" vid_source="E4F9E023-464A-CDF1-6F6B-78B43D02314E" vid_target="0BCB4E7D-C57C-FB4A-6604-7C587C7C117D">
<hideElementsInCurrentOnly>false</hideElementsInCurrentOnly>
<backgroundColor>-16777216</backgroundColor>
<lineWidth>1</lineWidth>
<points>
<point x="523" y="45"/>
<point x="582" y="45"/>
</points>
</Connector>
<Connector class="oracle.dbtools.crest.swingui.logical.TVRelation" oid="7AAC6590-647B-BCEC-1B58-383381D7D05A" otype="Relation" vid_source="65010DB3-9E74-F017-FEB3-150DA00128B2" vid_target="A4B5F2BF-5A18-9DEA-89D1-EC35B1277CB7">
<hideElementsInCurrentOnly>false</hideElementsInCurrentOnly>
<backgroundColor>-16777216</backgroundColor>
<lineWidth>1</lineWidth>
<points>
<point x="1015" y="331"/>
<point x="1015" y="381"/>
</points>
</Connector>
<Connector class="oracle.dbtools.crest.swingui.logical.TVRelation" oid="AC8211CB-184E-4497-6301-A493259292E0" otype="Relation" vid_source="0BCB4E7D-C57C-FB4A-6604-7C587C7C117D" vid_target="48332B6E-8719-A56F-8479-361F3F259FB7">
<hideElementsInCurrentOnly>false</hideElementsInCurrentOnly>
<backgroundColor>-16777216</backgroundColor>
<lineWidth>1</lineWidth>
<points>
<point x="827" y="86"/>
<point x="914" y="86"/>
</points>
</Connector>
<Connector class="oracle.dbtools.crest.swingui.logical.TVRelation" oid="DAACE51B-C58E-13B9-0BD7-865B64B395E5" otype="Relation" vid_source="48332B6E-8719-A56F-8479-361F3F259FB7" vid_target="65010DB3-9E74-F017-FEB3-150DA00128B2">
<hideElementsInCurrentOnly>false</hideElementsInCurrentOnly>
<backgroundColor>-16777216</backgroundColor>
<lineWidth>1</lineWidth>
<points>
<point x="1010" y="153"/>
<point x="1010" y="188"/>
</points>
</Connector>
</connectors>
</Diagram>