<?xml version = '1.0' encoding = 'UTF-8'?>
<relationalModel class="oracle.dbtools.crest.model.design.relational.RelationalDesign" name="Relational_1" id="B17CA745-6698-C009-270C-E4AF4C8804B3" mainViewID="6E40E2A0-9ACA-EB54-4861-D41703B6F832">
<createdBy>ccarv</createdBy>
<createdTime>2026-01-12 21:56:59 UTC</createdTime>
<ownerDesignName>Entrega_semana1_Catalina_Zapata_Raziel_Candia</ownerDesignName>
<shouldBeOpen>false</shouldBeOpen>
<selectedRDBMSSite>32076570-2523-435C-2E92-BF29817DFF70</selectedRDBMSSite>
</relationalModel>