<?xml version = '1.0' encoding = 'UTF-8'?>
<relationalModel class="oracle.dbtools.crest.model.design.relational.RelationalDesign" name="Relational_1" id="888021BE-7018-6B1D-DD35-EAEEC0197658" mainViewID="852DF2F6-91D6-FD16-4031-C3A655596A0C">
<createdBy>ccarv</createdBy>
<createdTime>2026-02-09 00:43:56 UTC</createdTime>
<ownerDesignName>Entrega_Semana5</ownerDesignName>
<shouldBeOpen>false</shouldBeOpen>
<selectedRDBMSSite>32076570-2523-435C-2E92-BF29817DFF70</selectedRDBMSSite>
</relationalModel>