<?xml version = '1.0' encoding = 'UTF-8'?>
<Relation class="oracle.dbtools.crest.model.design.logical.Relation" name="sucursal-contrato" directorySegmentName="seg_0" id="54018479-369B-F7AB-C1A3-68353320D421">
<createdBy>ccarv</createdBy>
<createdTime>2026-01-25 21:48:01 UTC</createdTime>
<ownerDesignName>Encargo_Semanal3_Zapata_Candia</ownerDesignName>
<engineerTo>
<item key="B2CA5730-239F-510A-FBDA-0C02FC95F244" value="true"/>
</engineerTo>
<sourceTransferable>false</sourceTransferable>
<sourcePk>1899B397-C2A6-4D3B-97F1-5CF4F622D8E1</sourcePk>
<targetPk>F473B637-2F21-D3F3-D1C6-E1408AC5650E</targetPk>
<identifying>true</identifying>
<optionalSource>true</optionalSource>
<optionalTarget>false</optionalTarget>
<sourceCardinality>1</sourceCardinality>
<sourceEntity>480473A2-6ACC-8C79-A0DE-0B02C294D773</sourceEntity>
<targetCardinalityString>*</targetCardinalityString>
<targetEntity>F07CBEFE-E0A9-42CD-0369-C0EEE4DEB992</targetEntity>
<transferable>true</transferable>
<deleteRule>NO ACTION</deleteRule>
</Relation>