<?xml version = '1.0' encoding = 'UTF-8'?>
<Relation class="oracle.dbtools.crest.model.design.logical.Relation" name="cliente-boleta" directorySegmentName="seg_0" id="AABE88C2-B8BC-86D1-5BDF-1D8FFBF0A547">
<createdBy>ccarv</createdBy>
<createdTime>2026-01-25 22:01:03 UTC</createdTime>
<ownerDesignName>Encargo_Semanal3_Zapata_Candia</ownerDesignName>
<engineerTo>
<item key="B2CA5730-239F-510A-FBDA-0C02FC95F244" value="true"/>
</engineerTo>
<sourcePk>AB06DD3F-1976-3855-8869-F6B750AEE500</sourcePk>
<identifying>false</identifying>
<optionalSource>true</optionalSource>
<optionalTarget>false</optionalTarget>
<sourceCardinality>1</sourceCardinality>
<sourceEntity>74F6CD62-D45B-0922-BC15-49742C75CB7D</sourceEntity>
<targetCardinalityString>*</targetCardinalityString>
<targetEntity>DC06186D-9E7A-4D32-6D71-38F0F84729E5</targetEntity>
<transferable>true</transferable>
<deleteRule>NO ACTION</deleteRule>
</Relation>