<?xml version = '1.0' encoding = 'UTF-8'?>
<Relation class="oracle.dbtools.crest.model.design.logical.Relation" name="trabajador-contrato" directorySegmentName="seg_0" id="C2501849-0BB4-71AB-A0A0-ABC57F62A27A">
<createdBy>ccarv</createdBy>
<createdTime>2026-01-25 21:49:05 UTC</createdTime>
<ownerDesignName>Encargo_Semanal3_Zapata_Candia</ownerDesignName>
<engineerTo>
<item key="B2CA5730-239F-510A-FBDA-0C02FC95F244" value="true"/>
</engineerTo>
<sourceTransferable>false</sourceTransferable>
<sourcePk>3924A8DE-4D9E-E530-58B8-AA1495503B0C</sourcePk>
<identifying>false</identifying>
<optionalSource>false</optionalSource>
<optionalTarget>false</optionalTarget>
<sourceCardinality>1</sourceCardinality>
<sourceEntity>41F1EC8F-2FAE-BFBF-B9E3-D74DBD06FA01</sourceEntity>
<targetCardinalityString>*</targetCardinalityString>
<targetEntity>F07CBEFE-E0A9-42CD-0369-C0EEE4DEB992</targetEntity>
<transferable>true</transferable>
<deleteRule>NO ACTION</deleteRule>
</Relation>