<?xml version = '1.0' encoding = 'UTF-8'?>
<Relation class="oracle.dbtools.crest.model.design.logical.Relation" name="trabajador-cargo" directorySegmentName="seg_0" id="D188EC80-4741-2763-38F1-C21B185C5C32">
<createdBy>ccarv</createdBy>
<createdTime>2026-01-25 21:56:06 UTC</createdTime>
<ownerDesignName>Encargo_Semanal3_Zapata_Candia</ownerDesignName>
<engineerTo>
<item key="B2CA5730-239F-510A-FBDA-0C02FC95F244" value="true"/>
</engineerTo>
<sourceTransferable>false</sourceTransferable>
<sourcePk>3924A8DE-4D9E-E530-58B8-AA1495503B0C</sourcePk>
<targetPk>BF44A205-F715-3065-CFDE-ED35F1F15E61</targetPk>
<identifying>false</identifying>
<optionalSource>true</optionalSource>
<optionalTarget>true</optionalTarget>
<sourceCardinality>*</sourceCardinality>
<sourceEntity>41F1EC8F-2FAE-BFBF-B9E3-D74DBD06FA01</sourceEntity>
<targetCardinalityString>1</targetCardinalityString>
<targetEntity>01D43382-14EB-1E2D-95BF-F034AE26A844</targetEntity>
<transferable>true</transferable>
<deleteRule>NO ACTION</deleteRule>
</Relation>