<?xml version = '1.0' encoding = 'UTF-8'?>
<Relation class="oracle.dbtools.crest.model.design.logical.Relation" name="producto-boleta" directorySegmentName="seg_0" id="D9CE1BC9-1E14-BA69-7419-3EC51B64D12A">
<createdBy>ccarv</createdBy>
<createdTime>2026-01-25 22:18:33 UTC</createdTime>
<ownerDesignName>Encargo_Semanal3_Zapata_Candia</ownerDesignName>
<engineerTo>
<item key="B2CA5730-239F-510A-FBDA-0C02FC95F244" value="true"/>
</engineerTo>
<sourcePk>64018369-3B29-BC3B-28B7-2CBA5AC029D0</sourcePk>
<identifying>false</identifying>
<optionalSource>true</optionalSource>
<optionalTarget>false</optionalTarget>
<sourceCardinality>*</sourceCardinality>
<sourceEntity>A744C7F9-CB49-CD1C-BC4F-A97DFB66A0BE</sourceEntity>
<targetCardinalityString>*</targetCardinalityString>
<targetEntity>DC06186D-9E7A-4D32-6D71-38F0F84729E5</targetEntity>
<transferable>true</transferable>
<deleteRule>NO ACTION</deleteRule>
<attributes itemClass="oracle.dbtools.crest.model.design.logical.Attribute">
<attribute name="Cantidad" id="235FC097-E1A7-F467-025C-92D1564609D0">
<createdBy>ccarv</createdBy>
<createdTime>2026-01-25 22:19:42 UTC</createdTime>
<ownerDesignName>Encargo_Semanal3_Zapata_Candia</ownerDesignName>
<engineerTo>
<item key="B2CA5730-239F-510A-FBDA-0C02FC95F244" value="true"/>
</engineerTo>
<useDomainConstraints>false</useDomainConstraints>
<use>1</use>
<logicalDatatype>LOGDT019</logicalDatatype>
<dataTypePrecision>3</dataTypePrecision>
<dataTypeScale>0</dataTypeScale>
<ownDataTypeParameters>,3,0</ownDataTypeParameters>
</attribute>
</attributes>
</Relation>