<?xml version = '1.0' encoding = 'UTF-8'?>
<Relation class="oracle.dbtools.crest.model.design.logical.Relation" name="sucursal-producto" directorySegmentName="seg_0" id="F72D502E-4D9B-2A0F-BA15-F5E44A3965B9">
<createdBy>ccarv</createdBy>
<createdTime>2026-01-25 22:16:20 UTC</createdTime>
<ownerDesignName>Encargo_Semanal3_Zapata_Candia</ownerDesignName>
<engineerTo>
<item key="B2CA5730-239F-510A-FBDA-0C02FC95F244" value="true"/>
</engineerTo>
<sourcePk>1899B397-C2A6-4D3B-97F1-5CF4F622D8E1</sourcePk>
<identifying>false</identifying>
<optionalSource>true</optionalSource>
<optionalTarget>true</optionalTarget>
<sourceCardinality>*</sourceCardinality>
<sourceEntity>480473A2-6ACC-8C79-A0DE-0B02C294D773</sourceEntity>
<targetCardinalityString>*</targetCardinalityString>
<targetEntity>A744C7F9-CB49-CD1C-BC4F-A97DFB66A0BE</targetEntity>
<transferable>true</transferable>
<deleteRule>NO ACTION</deleteRule>
</Relation>