<?xml version = '1.0' encoding = 'UTF-8'?>
<Diagram class="oracle.dbtools.crest.swingui.logical.DPVLogical" name="Logical" id="FBE0855F-E8C1-0D78-1B3C-7B53DC830244">
<createdBy>ccarv</createdBy>
<modifiedBy>ccarv</modifiedBy>
<createdTime>2026-01-12 21:58:55 UTC</createdTime>
<autoRoute>false</autoRoute>
<boxInbox>true</boxInbox>
<showLegend>false</showLegend>
<showLabels>false</showLabels>
<showRelAttributes>false</showRelAttributes>
<gridEnabled>false</gridEnabled>
<showGrid>false</showGrid>
<diagramColor>-1</diagramColor>
<display>false</display>
<notation>0</notation>
<objectViews>
<OView class="oracle.dbtools.crest.swingui.logical.TVEntity" oid="5DD395DD-D7BA-F37D-E2A4-63DB50BE3B7D" otype="Entity" vid="65010DB3-9E74-F017-FEB3-150DA00128B2">
<hideElementsInCurrentOnly>false</hideElementsInCurrentOnly>
<bounds x="640" y="62" width="253" height="159"/>
</OView>
<OView class="oracle.dbtools.crest.swingui.logical.TVEntity" oid="A65DFF94-8FFC-AB17-D948-5B5BA98BA2D4" otype="Entity" vid="E4F9E023-464A-CDF1-6F6B-78B43D02314E">
<hideElementsInCurrentOnly>false</hideElementsInCurrentOnly>
<bounds x="76" y="64" width="283" height="171"/>
</OView>
<OView class="oracle.dbtools.crest.swingui.logical.TVEntity" oid="B0CADC77-09CC-A1A5-88AC-9B329C285693" otype="Entity" vid="0BCB4E7D-C57C-FB4A-6604-7C587C7C117D">
<hideElementsInCurrentOnly>false</hideElementsInCurrentOnly>
<bounds x="379" y="62" width="245" height="154"/>
</OView>
</objectViews>
</Diagram>