<?xml version = '1.0' encoding = 'UTF-8'?>
<Diagram class="oracle.dbtools.crest.swingui.logical.DPVLogical" name="Logical" id="85972D41-02A8-343D-459A-40BF920E85A9">
<createdBy>ccarv</createdBy>
<modifiedBy>ccarv</modifiedBy>
<createdTime>2026-01-25 20:45:27 UTC</createdTime>
<autoRoute>false</autoRoute>
<boxInbox>true</boxInbox>
<showLegend>false</showLegend>
<showLabels>false</showLabels>
<showRelAttributes>true</showRelAttributes>
<gridEnabled>false</gridEnabled>
<showGrid>false</showGrid>
<diagramColor>-1</diagramColor>
<display>false</display>
<notation>0</notation>
<showComments>true</showComments>
<showClassificationTypes>true</showClassificationTypes>
<objectViews>
<OView class="oracle.dbtools.crest.swingui.logical.TVEntity" oid="01D43382-14EB-1E2D-95BF-F034AE26A844" otype="Entity" vid="27A01F60-6A79-4840-1818-D9A6B84B9715">
<hideElementsInCurrentOnly>false</hideElementsInCurrentOnly>
<bounds x="1012" y="261" width="207" height="91"/>
</OView>
<OView class="oracle.dbtools.crest.swingui.logical.TVEntity" oid="0F2BDF0F-416D-C190-3C14-7314D1C41B9B" otype="Entity" vid="11141424-337D-9F08-D908-048376979CAC">
<hideElementsInCurrentOnly>false</hideElementsInCurrentOnly>
<bounds x="271" y="190" width="101" height="51"/>
</OView>
<OView class="oracle.dbtools.crest.swingui.logical.TVEntity" oid="41F1EC8F-2FAE-BFBF-B9E3-D74DBD06FA01" otype="Entity" vid="1A8A59E2-A0D9-79F5-C069-5E6AFE612667">
<hideElementsInCurrentOnly>false</hideElementsInCurrentOnly>
<bounds x="862" y="27" width="230" height="206"/>
</OView>
<OView class="oracle.dbtools.crest.swingui.logical.TVEntity" oid="480473A2-6ACC-8C79-A0DE-0B02C294D773" otype="Entity" vid="24444367-52A0-1589-EBB4-5BE37000E351">
<hideElementsInCurrentOnly>false</hideElementsInCurrentOnly>
<bounds x="13" y="28" width="226" height="101"/>
</OView>
<OView class="oracle.dbtools.crest.swingui.logical.TVEntity" oid="74479FF7-603B-C966-8692-7131852119A5" otype="Entity" vid="D5880A5F-846F-C4E3-7044-C81F1E87B704">
<hideElementsInCurrentOnly>false</hideElementsInCurrentOnly>
<bounds x="596" y="509" width="221" height="60"/>
</OView>
<OView class="oracle.dbtools.crest.swingui.logical.TVEntity" oid="74F6CD62-D45B-0922-BC15-49742C75CB7D" otype="Entity" vid="A135E6DF-9436-04D0-0136-6C2C49E4F0DA">
<hideElementsInCurrentOnly>false</hideElementsInCurrentOnly>
<bounds x="586" y="348" width="410" height="231"/>
</OView>
<OView class="oracle.dbtools.crest.swingui.logical.TVEntity" oid="A2B82928-6A17-228A-EB08-044331D060FA" otype="Entity" vid="2877CD97-C595-DDB5-C4BA-58D762068773">
<hideElementsInCurrentOnly>false</hideElementsInCurrentOnly>
<bounds x="822" y="509" width="164" height="60"/>
</OView>
<OView class="oracle.dbtools.crest.swingui.logical.TVEntity" oid="A744C7F9-CB49-CD1C-BC4F-A97DFB66A0BE" otype="Entity" vid="8A2D7C7C-D4C4-F974-4479-2DB779D4941E">
<hideElementsInCurrentOnly>false</hideElementsInCurrentOnly>
<bounds x="28" y="336" width="211" height="120"/>
</OView>
<OView class="oracle.dbtools.crest.swingui.logical.TVEntity" oid="DC06186D-9E7A-4D32-6D71-38F0F84729E5" otype="Entity" vid="6F197B39-D301-8639-7289-790F0B0ADC9F">
<hideElementsInCurrentOnly>false</hideElementsInCurrentOnly>
<bounds x="337" y="344" width="217" height="118"/>
</OView>
<OView class="oracle.dbtools.crest.swingui.logical.TVEntity" oid="F07CBEFE-E0A9-42CD-0369-C0EEE4DEB992" otype="Entity" vid="8A40DE26-AC5E-AC9C-00D1-C5B4CC1B1DD7">
<hideElementsInCurrentOnly>false</hideElementsInCurrentOnly>
<bounds x="264" y="28" width="566" height="223"/>
</OView>
<OView class="oracle.dbtools.crest.swingui.logical.TVEntity" oid="FB7B09C9-2CD0-F00B-2042-FB40A07B7AE6" otype="Entity" vid="9C944CEB-8292-0CBB-8DC9-8F1310FC569D">
<hideElementsInCurrentOnly>false</hideElementsInCurrentOnly>
<bounds x="387" y="155" width="202" height="86"/>
</OView>
</objectViews>
<connectors>
<Connector class="oracle.dbtools.crest.swingui.logical.TVInheritanceRelation" oid="17965215-DFB0-01D5-B29E-30FA481CD19E" otype="Hierarchy relation" vid_source="8A40DE26-AC5E-AC9C-00D1-C5B4CC1B1DD7" vid_target="9C944CEB-8292-0CBB-8DC9-8F1310FC569D">
<hideElementsInCurrentOnly>false</hideElementsInCurrentOnly>
<backgroundColor>-65536</backgroundColor>
<lineWidth>1</lineWidth>
</Connector>
<Connector class="oracle.dbtools.crest.swingui.logical.TVRelation" oid="54018479-369B-F7AB-C1A3-68353320D421" otype="Relation" vid_source="24444367-52A0-1589-EBB4-5BE37000E351" vid_target="8A40DE26-AC5E-AC9C-00D1-C5B4CC1B1DD7">
<hideElementsInCurrentOnly>false</hideElementsInCurrentOnly>
<backgroundColor>-16777216</backgroundColor>
<lineWidth>1</lineWidth>
<points>
<point x="239" y="63"/>
<point x="264" y="63"/>
</points>
</Connector>
<Connector class="oracle.dbtools.crest.swingui.logical.TVInheritanceRelation" oid="9C54B357-866B-B4C4-2A76-6B76A26CBFED" otype="Hierarchy relation" vid_source="A135E6DF-9436-04D0-0136-6C2C49E4F0DA" vid_target="2877CD97-C595-DDB5-C4BA-58D762068773">
<hideElementsInCurrentOnly>false</hideElementsInCurrentOnly>
<backgroundColor>-65536</backgroundColor>
<lineWidth>1</lineWidth>
<points>
<point x="996" y="579"/>
<point x="822" y="539"/>
</points>
</Connector>
<Connector class="oracle.dbtools.crest.swingui.logical.TVRelation" oid="AABE88C2-B8BC-86D1-5BDF-1D8FFBF0A547" otype="Relation" vid_source="A135E6DF-9436-04D0-0136-6C2C49E4F0DA" vid_target="6F197B39-D301-8639-7289-790F0B0ADC9F">
<hideElementsInCurrentOnly>false</hideElementsInCurrentOnly>
<backgroundColor>-16777216</backgroundColor>
<lineWidth>1</lineWidth>
<points>
<point x="586" y="405"/>
<point x="554" y="405"/>
</points>
</Connector>
<Connector class="oracle.dbtools.crest.swingui.logical.TVRelation" oid="C2501849-0BB4-71AB-A0A0-ABC57F62A27A" otype="Relation" vid_source="1A8A59E2-A0D9-79F5-C069-5E6AFE612667" vid_target="8A40DE26-AC5E-AC9C-00D1-C5B4CC1B1DD7">
<hideElementsInCurrentOnly>false</hideElementsInCurrentOnly>
<backgroundColor>-16777216</backgroundColor>
<lineWidth>1</lineWidth>
<points>
<point x="862" y="145"/>
<point x="830" y="145"/>
</points>
</Connector>
<Connector class="oracle.dbtools.crest.swingui.logical.TVRelation" oid="D188EC80-4741-2763-38F1-C21B185C5C32" otype="Relation" vid_source="1A8A59E2-A0D9-79F5-C069-5E6AFE612667" vid_target="27A01F60-6A79-4840-1818-D9A6B84B9715">
<hideElementsInCurrentOnly>false</hideElementsInCurrentOnly>
<backgroundColor>-16777216</backgroundColor>
<lineWidth>1</lineWidth>
<points>
<point x="1052" y="233"/>
<point x="1052" y="261"/>
</points>
</Connector>
<Connector class="oracle.dbtools.crest.swingui.logical.TVInheritanceRelation" oid="D3504FE0-C9E5-6E16-276E-65BAA96BBC70" otype="Hierarchy relation" vid_source="A135E6DF-9436-04D0-0136-6C2C49E4F0DA" vid_target="D5880A5F-846F-C4E3-7044-C81F1E87B704">
<hideElementsInCurrentOnly>false</hideElementsInCurrentOnly>
<backgroundColor>-65536</backgroundColor>
<lineWidth>1</lineWidth>
<points>
<point x="996" y="579"/>
<point x="596" y="554"/>
</points>
</Connector>
<Connector class="oracle.dbtools.crest.swingui.logical.TVInheritanceRelation" oid="D3E0A664-8014-A6A7-07BD-5DC9DA29052A" otype="Hierarchy relation" vid_source="8A40DE26-AC5E-AC9C-00D1-C5B4CC1B1DD7" vid_target="11141424-337D-9F08-D908-048376979CAC">
<hideElementsInCurrentOnly>false</hideElementsInCurrentOnly>
<backgroundColor>-65536</backgroundColor>
<lineWidth>1</lineWidth>
</Connector>
<Connector class="oracle.dbtools.crest.swingui.logical.TVRelation" oid="D9CE1BC9-1E14-BA69-7419-3EC51B64D12A" otype="Relation" vid_source="8A2D7C7C-D4C4-F974-4479-2DB779D4941E" vid_target="6F197B39-D301-8639-7289-790F0B0ADC9F">
<hideElementsInCurrentOnly>false</hideElementsInCurrentOnly>
<backgroundColor>-16777216</backgroundColor>
<lineWidth>1</lineWidth>
<centerLabel class="oracle.dbtools.crest.model.design.Label">
<site>1</site>
<labelBounds x="38" y="95" width="63" height="33"/>
<noBackgroundColor>true</noBackgroundColor>
<noForegroundColor>true</noForegroundColor>
</centerLabel>
<points>
<point x="239" y="400"/>
<point x="337" y="400"/>
</points>
</Connector>
<Connector class="oracle.dbtools.crest.swingui.logical.TVRelation" oid="F72D502E-4D9B-2A0F-BA15-F5E44A3965B9" otype="Relation" vid_source="24444367-52A0-1589-EBB4-5BE37000E351" vid_target="8A2D7C7C-D4C4-F974-4479-2DB779D4941E">
<hideElementsInCurrentOnly>false</hideElementsInCurrentOnly>
<backgroundColor>-16777216</backgroundColor>
<lineWidth>1</lineWidth>
<points>
<point x="133" y="129"/>
<point x="133" y="336"/>
</points>
</Connector>
</connectors>
</Diagram>