<?xml version = '1.0' encoding = 'UTF-8'?>
<Relation class="oracle.dbtools.crest.model.design.logical.InheritanceRelation" name="Hierarchy_1" directorySegmentName="seg_0" id="B38871C6-2D6E-1628-953E-00C7393F3990">
<createdBy>ccarv</createdBy>
<createdTime>2026-02-09 01:50:50 UTC</createdTime>
<ownerDesignName>Entrega_Semana5</ownerDesignName>
<engineerTo>
<item key="888021BE-7018-6B1D-DD35-EAEEC0197658" value="true"/>
</engineerTo>
<identifying>false</identifying>
<nameOnSource>Super Type</nameOnSource>
<nameOnTarget>Sub Type</nameOnTarget>
<optionalSource>true</optionalSource>
<optionalTarget>true</optionalTarget>
<sourceEntity>BEABDDD0-A463-81BF-3946-428AF6F121DA</sourceEntity>
<targetEntity>60D6A1E9-364C-38BD-E3DB-0242CDEC7632</targetEntity>
<transferable>true</transferable>
<deleteRule>NO ACTION</deleteRule>
</Relation>