<?xml version = '1.0' encoding = 'UTF-8'?>
<Entity class="oracle.dbtools.crest.model.design.logical.Entity" directorySegmentName="seg_0" id="5DD395DD-D7BA-F37D-E2A4-63DB50BE3B7D" name="Vuelo">
<createdBy>ccarv</createdBy>
<createdTime>2026-01-12 22:06:36 UTC</createdTime>
<ownerDesignName>Entrega_semana1_Catalina_Zapata_Raziel_Candia</ownerDesignName>
<engineerTo>
<item key="B17CA745-6698-C009-270C-E4AF4C8804B3" value="true"/>
</engineerTo>
<adequatelyNormalized>NO</adequatelyNormalized>
<expectedVolumes>0</expectedVolumes>
<fwdEngineeringStrategyName>Single Table</fwdEngineeringStrategyName>
<growthPercent>0</growthPercent>
<growthType>Year</growthType>
<maxVolumes>9999999</maxVolumes>
<minVolumes>0</minVolumes>
<normalForm>Third</normalForm>
<attributes itemClass="oracle.dbtools.crest.model.design.logical.Attribute">
<Attribute name="Número de vuelo" id="4104AC98-1AE3-4F2F-DE19-028E8B0D4425">
<createdBy>ccarv</createdBy>
<createdTime>2026-01-12 22:06:57 UTC</createdTime>
<ownerDesignName>Entrega_semana1_Catalina_Zapata_Raziel_Candia</ownerDesignName>
<engineerTo>
<item key="B17CA745-6698-C009-270C-E4AF4C8804B3" value="true"/>
</engineerTo>
<useDomainConstraints>false</useDomainConstraints>
<use>1</use>
<logicalDatatype>LOGDT019</logicalDatatype>
<ownDataTypeParameters>,,</ownDataTypeParameters>
</Attribute>
<Attribute name="Fecha de despegue" id="DF6BE68A-297A-22DA-13B5-F5AA0F2FC727">
<createdBy>ccarv</createdBy>
<createdTime>2026-01-12 22:06:42 UTC</createdTime>
<ownerDesignName>Entrega_semana1_Catalina_Zapata_Raziel_Candia</ownerDesignName>
<engineerTo>
<item key="B17CA745-6698-C009-270C-E4AF4C8804B3" value="true"/>
</engineerTo>
<useDomainConstraints>false</useDomainConstraints>
<use>1</use>
<logicalDatatype>LOGDT007</logicalDatatype>
<ownDataTypeParameters>,,</ownDataTypeParameters>
</Attribute>
<Attribute name="Fecha de llegada a destino" id="848807F0-6F13-1A43-BE7C-87889E86DBC9">
<createdBy>ccarv</createdBy>
<createdTime>2026-01-12 22:06:51 UTC</createdTime>
<ownerDesignName>Entrega_semana1_Catalina_Zapata_Raziel_Candia</ownerDesignName>
<engineerTo>
<item key="B17CA745-6698-C009-270C-E4AF4C8804B3" value="true"/>
</engineerTo>
<useDomainConstraints>false</useDomainConstraints>
<use>1</use>
<logicalDatatype>LOGDT007</logicalDatatype>
<ownDataTypeParameters>,,</ownDataTypeParameters>
</Attribute>
<Attribute name="Hora de salida" id="49C35D9A-94A1-0F3F-F569-20B6A8CD6C05">
<createdBy>ccarv</createdBy>
<createdTime>2026-01-12 22:07:02 UTC</createdTime>
<ownerDesignName>Entrega_semana1_Catalina_Zapata_Raziel_Candia</ownerDesignName>
<engineerTo>
<item key="B17CA745-6698-C009-270C-E4AF4C8804B3" value="true"/>
</engineerTo>
<useDomainConstraints>false</useDomainConstraints>
<use>1</use>
<logicalDatatype>LOGDT008</logicalDatatype>
<ownDataTypeParameters>,,</ownDataTypeParameters>
</Attribute>
</attributes>
<identifiers itemClass="oracle.dbtools.crest.model.design.logical.CandidateKey">
<identifier id="903DDDC7-8952-3763-D778-89F027FBE074" name="Vuelo PK">
<createdBy>ccarv</createdBy>
<createdTime>2026-01-12 22:52:29 UTC</createdTime>
<ownerDesignName>Entrega_semana1_Catalina_Zapata_Raziel_Candia</ownerDesignName>
<engineerTo>
<item key="B17CA745-6698-C009-270C-E4AF4C8804B3" value="true"/>
</engineerTo>
<pk>true</pk>
<usedAttributes>
<attributeRef>4104AC98-1AE3-4F2F-DE19-028E8B0D4425</attributeRef>
</usedAttributes>
</identifier>
</identifiers>
</Entity>