<?xml version = '1.0' encoding = 'UTF-8'?>
<Entity class="oracle.dbtools.crest.model.design.logical.Entity" directorySegmentName="seg_0" id="A65DFF94-8FFC-AB17-D948-5B5BA98BA2D4" name="Empleado">
<createdBy>ccarv</createdBy>
<createdTime>2026-01-12 22:04:55 UTC</createdTime>
<ownerDesignName>Entrega_semana1_Catalina_Zapata_Raziel_Candia</ownerDesignName>
<engineerTo>
<item key="B17CA745-6698-C009-270C-E4AF4C8804B3" value="true"/>
</engineerTo>
<adequatelyNormalized>NO</adequatelyNormalized>
<expectedVolumes>0</expectedVolumes>
<fwdEngineeringStrategyName>Single Table</fwdEngineeringStrategyName>
<growthPercent>0</growthPercent>
<growthType>Year</growthType>
<maxVolumes>9999999</maxVolumes>
<minVolumes>0</minVolumes>
<normalForm>Third</normalForm>
<shortName>empleado</shortName>
<attributes itemClass="oracle.dbtools.crest.model.design.logical.Attribute">
<Attribute name="Rut" id="FE1965BC-27FE-2750-30A4-8FBCE72BBE05">
<createdBy>ccarv</createdBy>
<createdTime>2026-01-12 22:05:37 UTC</createdTime>
<ownerDesignName>Entrega_semana1_Catalina_Zapata_Raziel_Candia</ownerDesignName>
<engineerTo>
<item key="B17CA745-6698-C009-270C-E4AF4C8804B3" value="true"/>
</engineerTo>
<useDomainConstraints>false</useDomainConstraints>
<use>1</use>
<logicalDatatype>LOGDT025</logicalDatatype>
<dataTypeSize>12</dataTypeSize>
<ownDataTypeParameters>12,,</ownDataTypeParameters>
</Attribute>
<Attribute name="Nombre completo" id="099C5E0A-D173-0BF6-A143-270ACD56E3A6">
<createdBy>ccarv</createdBy>
<createdTime>2026-01-12 22:05:45 UTC</createdTime>
<ownerDesignName>Entrega_semana1_Catalina_Zapata_Raziel_Candia</ownerDesignName>
<engineerTo>
<item key="B17CA745-6698-C009-270C-E4AF4C8804B3" value="true"/>
</engineerTo>
<useDomainConstraints>false</useDomainConstraints>
<use>1</use>
<logicalDatatype>LOGDT025</logicalDatatype>
<ownDataTypeParameters>,,</ownDataTypeParameters>
</Attribute>
<Attribute name="Dirección" id="8A41C656-E1E8-E9A9-94CC-D1F15E50DC94">
<createdBy>ccarv</createdBy>
<createdTime>2026-01-12 22:05:49 UTC</createdTime>
<ownerDesignName>Entrega_semana1_Catalina_Zapata_Raziel_Candia</ownerDesignName>
<engineerTo>
<item key="B17CA745-6698-C009-270C-E4AF4C8804B3" value="true"/>
</engineerTo>
<useDomainConstraints>false</useDomainConstraints>
<use>1</use>
<logicalDatatype>LOGDT025</logicalDatatype>
<dataTypeSize>50 CHAR</dataTypeSize>
<ownDataTypeParameters>50 CHAR,,</ownDataTypeParameters>
</Attribute>
<Attribute name="Sueldo base" id="B2E7049F-65E8-838B-DC87-072D19D23606">
<createdBy>ccarv</createdBy>
<createdTime>2026-01-12 22:05:57 UTC</createdTime>
<ownerDesignName>Entrega_semana1_Catalina_Zapata_Raziel_Candia</ownerDesignName>
<engineerTo>
<item key="B17CA745-6698-C009-270C-E4AF4C8804B3" value="true"/>
</engineerTo>
<useDomainConstraints>false</useDomainConstraints>
<use>1</use>
<logicalDatatype>LOGDT043</logicalDatatype>
<ownDataTypeParameters>,,</ownDataTypeParameters>
</Attribute>
<Attribute name="Fecha de ingreso a la compañía" id="4210E700-BC62-285C-DCA0-1D9C302B3DBA">
<createdBy>ccarv</createdBy>
<createdTime>2026-01-12 22:06:02 UTC</createdTime>
<ownerDesignName>Entrega_semana1_Catalina_Zapata_Raziel_Candia</ownerDesignName>
<engineerTo>
<item key="B17CA745-6698-C009-270C-E4AF4C8804B3" value="true"/>
</engineerTo>
<useDomainConstraints>false</useDomainConstraints>
<use>1</use>
<logicalDatatype>LOGDT007</logicalDatatype>
<ownDataTypeParameters>,,</ownDataTypeParameters>
</Attribute>
<Attribute name="Género" id="1E528F0D-5FC8-5415-432D-A435285AC507">
<createdBy>ccarv</createdBy>
<createdTime>2026-01-12 22:06:09 UTC</createdTime>
<ownerDesignName>Entrega_semana1_Catalina_Zapata_Raziel_Candia</ownerDesignName>
<engineerTo>
<item key="B17CA745-6698-C009-270C-E4AF4C8804B3" value="true"/>
</engineerTo>
<useDomainConstraints>false</useDomainConstraints>
<use>1</use>
<logicalDatatype>LOGDT025</logicalDatatype>
<dataTypeSize>10</dataTypeSize>
<ownDataTypeParameters>10,,</ownDataTypeParameters>
</Attribute>
<Attribute name="Teléfono de contacto" id="7E429D3D-9FA8-C177-34C9-71338B24308F">
<createdBy>ccarv</createdBy>
<createdTime>2026-01-12 22:06:15 UTC</createdTime>
<ownerDesignName>Entrega_semana1_Catalina_Zapata_Raziel_Candia</ownerDesignName>
<engineerTo>
<item key="B17CA745-6698-C009-270C-E4AF4C8804B3" value="true"/>
</engineerTo>
<nullsAllowed>true</nullsAllowed>
<useDomainConstraints>false</useDomainConstraints>
<use>1</use>
<logicalDatatype>LOGDT019</logicalDatatype>
<dataTypePrecision>12</dataTypePrecision>
<ownDataTypeParameters>,12,</ownDataTypeParameters>
</Attribute>
</attributes>
<identifiers itemClass="oracle.dbtools.crest.model.design.logical.CandidateKey">
<identifier id="5410D7D7-F102-8433-E924-67A844752F72" name="Empleado PK">
<createdBy>ccarv</createdBy>
<createdTime>2026-01-12 22:51:17 UTC</createdTime>
<ownerDesignName>Entrega_semana1_Catalina_Zapata_Raziel_Candia</ownerDesignName>
<engineerTo>
<item key="B17CA745-6698-C009-270C-E4AF4C8804B3" value="true"/>
</engineerTo>
<pk>true</pk>
<usedAttributes>
<attributeRef>FE1965BC-27FE-2750-30A4-8FBCE72BBE05</attributeRef>
</usedAttributes>
</identifier>
</identifiers>
</Entity>