<?xml version = '1.0' encoding = 'UTF-8'?>
<Entity class="oracle.dbtools.crest.model.design.logical.Entity" directorySegmentName="seg_0" id="B0CADC77-09CC-A1A5-88AC-9B329C285693" name="Pasajero">
<createdBy>ccarv</createdBy>
<createdTime>2026-01-12 22:07:08 UTC</createdTime>
<ownerDesignName>Entrega_semana1_Catalina_Zapata_Raziel_Candia</ownerDesignName>
<engineerTo>
<item key="B17CA745-6698-C009-270C-E4AF4C8804B3" value="true"/>
</engineerTo>
<adequatelyNormalized>NO</adequatelyNormalized>
<expectedVolumes>0</expectedVolumes>
<fwdEngineeringStrategyName>Single Table</fwdEngineeringStrategyName>
<growthPercent>0</growthPercent>
<growthType>Year</growthType>
<maxVolumes>9999999</maxVolumes>
<minVolumes>0</minVolumes>
<normalForm>Third</normalForm>
<attributes itemClass="oracle.dbtools.crest.model.design.logical.Attribute">
<Attribute name="Número de pasaporte o CDI" id="C2ECC9BD-F916-0E14-14FA-A1972778BE58">
<createdBy>ccarv</createdBy>
<createdTime>2026-01-12 22:07:15 UTC</createdTime>
<ownerDesignName>Entrega_semana1_Catalina_Zapata_Raziel_Candia</ownerDesignName>
<engineerTo>
<item key="B17CA745-6698-C009-270C-E4AF4C8804B3" value="true"/>
</engineerTo>
<useDomainConstraints>false</useDomainConstraints>
<use>1</use>
<logicalDatatype>LOGDT019</logicalDatatype>
<ownDataTypeParameters>,,</ownDataTypeParameters>
</Attribute>
<Attribute name="Nombre completo" id="73CC771F-C5F1-557F-1582-9D5D72B6B164">
<createdBy>ccarv</createdBy>
<createdTime>2026-01-12 22:07:24 UTC</createdTime>
<ownerDesignName>Entrega_semana1_Catalina_Zapata_Raziel_Candia</ownerDesignName>
<engineerTo>
<item key="B17CA745-6698-C009-270C-E4AF4C8804B3" value="true"/>
</engineerTo>
<useDomainConstraints>false</useDomainConstraints>
<use>1</use>
<logicalDatatype>LOGDT025</logicalDatatype>
<ownDataTypeParameters>,,</ownDataTypeParameters>
</Attribute>
<Attribute name="Fecha de nacimiento" id="6BB1140A-58B2-7552-930F-D0F476A9C450">
<createdBy>ccarv</createdBy>
<createdTime>2026-01-12 22:07:28 UTC</createdTime>
<ownerDesignName>Entrega_semana1_Catalina_Zapata_Raziel_Candia</ownerDesignName>
<engineerTo>
<item key="B17CA745-6698-C009-270C-E4AF4C8804B3" value="true"/>
</engineerTo>
<useDomainConstraints>false</useDomainConstraints>
<use>1</use>
<logicalDatatype>LOGDT007</logicalDatatype>
<ownDataTypeParameters>,,</ownDataTypeParameters>
</Attribute>
<Attribute name="Nacionalidad" id="E5EC847B-8710-F05D-08E6-23F2C418AF75">
<createdBy>ccarv</createdBy>
<createdTime>2026-01-12 22:07:33 UTC</createdTime>
<ownerDesignName>Entrega_semana1_Catalina_Zapata_Raziel_Candia</ownerDesignName>
<engineerTo>
<item key="B17CA745-6698-C009-270C-E4AF4C8804B3" value="true"/>
</engineerTo>
<useDomainConstraints>false</useDomainConstraints>
<use>1</use>
<logicalDatatype>LOGDT025</logicalDatatype>
<dataTypeSize>15</dataTypeSize>
<ownDataTypeParameters>15,,</ownDataTypeParameters>
</Attribute>
<Attribute name="Contacto" id="7FDE2E20-079C-FA2B-68AF-AB8B7B1C7106">
<createdBy>ccarv</createdBy>
<createdTime>2026-01-12 22:07:37 UTC</createdTime>
<ownerDesignName>Entrega_semana1_Catalina_Zapata_Raziel_Candia</ownerDesignName>
<engineerTo>
<item key="B17CA745-6698-C009-270C-E4AF4C8804B3" value="true"/>
</engineerTo>
<nullsAllowed>true</nullsAllowed>
<useDomainConstraints>false</useDomainConstraints>
<use>1</use>
<logicalDatatype>LOGDT025</logicalDatatype>
<ownDataTypeParameters>,,</ownDataTypeParameters>
</Attribute>
</attributes>
<identifiers itemClass="oracle.dbtools.crest.model.design.logical.CandidateKey">
<identifier id="C98BF1D6-86D5-4DE5-BA3D-0AB835D53A94" name="Pasajero PK">
<createdBy>ccarv</createdBy>
<createdTime>2026-01-12 22:52:11 UTC</createdTime>
<ownerDesignName>Entrega_semana1_Catalina_Zapata_Raziel_Candia</ownerDesignName>
<engineerTo>
<item key="B17CA745-6698-C009-270C-E4AF4C8804B3" value="true"/>
</engineerTo>
<pk>true</pk>
<usedAttributes>
<attributeRef>C2ECC9BD-F916-0E14-14FA-A1972778BE58</attributeRef>
</usedAttributes>
</identifier>
</identifiers>
</Entity>