<?xml version = '1.0' encoding = 'UTF-8'?>
<Entity class="oracle.dbtools.crest.model.design.logical.Entity" directorySegmentName="seg_0" id="41F1EC8F-2FAE-BFBF-B9E3-D74DBD06FA01" name="Trabajador">
<createdBy>ccarv</createdBy>
<createdTime>2026-01-25 21:16:26 UTC</createdTime>
<ownerDesignName>Encargo_Semanal3_Zapata_Candia</ownerDesignName>
<engineerTo>
<item key="B2CA5730-239F-510A-FBDA-0C02FC95F244" value="true"/>
</engineerTo>
<adequatelyNormalized>NO</adequatelyNormalized>
<expectedVolumes>0</expectedVolumes>
<fwdEngineeringStrategyName>Single Table</fwdEngineeringStrategyName>
<growthPercent>0</growthPercent>
<growthType>Year</growthType>
<maxVolumes>9999999</maxVolumes>
<minVolumes>0</minVolumes>
<normalForm>Third</normalForm>
<shortName>trabajador</shortName>
<attributes itemClass="oracle.dbtools.crest.model.design.logical.Attribute">
<Attribute name="ID_Trabajador" id="29E652CD-1366-9A0E-0CB3-AAC08A94A00B">
<createdBy>ccarv</createdBy>
<createdTime>2026-01-25 21:16:58 UTC</createdTime>
<ownerDesignName>Encargo_Semanal3_Zapata_Candia</ownerDesignName>
<engineerTo>
<item key="B2CA5730-239F-510A-FBDA-0C02FC95F244" value="true"/>
</engineerTo>
<useDomainConstraints>false</useDomainConstraints>
<use>1</use>
<logicalDatatype>LOGDT011</logicalDatatype>
<ownDataTypeParameters>,,</ownDataTypeParameters>
</Attribute>
<Attribute name="Nombre_Trabajador" id="2252910D-530C-6BCD-7326-2EAFFBE1DBFC">
<createdBy>ccarv</createdBy>
<createdTime>2026-01-25 21:24:54 UTC</createdTime>
<ownerDesignName>Encargo_Semanal3_Zapata_Candia</ownerDesignName>
<engineerTo>
<item key="B2CA5730-239F-510A-FBDA-0C02FC95F244" value="true"/>
</engineerTo>
<useDomainConstraints>false</useDomainConstraints>
<use>1</use>
<logicalDatatype>LOGDT024</logicalDatatype>
<dataTypeSize>200</dataTypeSize>
<ownDataTypeParameters>200,,</ownDataTypeParameters>
</Attribute>
<Attribute name="Fecha_Nacimiento" id="68D08607-6095-D37F-5D66-F18AED7950A7">
<createdBy>ccarv</createdBy>
<createdTime>2026-01-25 21:25:19 UTC</createdTime>
<ownerDesignName>Encargo_Semanal3_Zapata_Candia</ownerDesignName>
<engineerTo>
<item key="B2CA5730-239F-510A-FBDA-0C02FC95F244" value="true"/>
</engineerTo>
<useDomainConstraints>false</useDomainConstraints>
<use>1</use>
<logicalDatatype>LOGDT007</logicalDatatype>
<ownDataTypeParameters>,,</ownDataTypeParameters>
</Attribute>
<Attribute name="Rut" id="70DA29C0-7E6A-3B6A-CA0D-3B86FF153332">
<createdBy>ccarv</createdBy>
<createdTime>2026-01-25 21:25:31 UTC</createdTime>
<ownerDesignName>Encargo_Semanal3_Zapata_Candia</ownerDesignName>
<engineerTo>
<item key="B2CA5730-239F-510A-FBDA-0C02FC95F244" value="true"/>
</engineerTo>
<useDomainConstraints>false</useDomainConstraints>
<use>1</use>
<logicalDatatype>LOGDT024</logicalDatatype>
<dataTypeSize>12</dataTypeSize>
<ownDataTypeParameters>12,,</ownDataTypeParameters>
</Attribute>
<Attribute name="Fecha_Contrato" id="58619987-ACBA-1673-36CC-3DCB032E7BCD">
<createdBy>ccarv</createdBy>
<createdTime>2026-01-25 21:26:15 UTC</createdTime>
<ownerDesignName>Encargo_Semanal3_Zapata_Candia</ownerDesignName>
<engineerTo>
<item key="B2CA5730-239F-510A-FBDA-0C02FC95F244" value="true"/>
</engineerTo>
<useDomainConstraints>false</useDomainConstraints>
<use>1</use>
<logicalDatatype>LOGDT007</logicalDatatype>
<ownDataTypeParameters>,,</ownDataTypeParameters>
</Attribute>
<Attribute name="Numero_Contrato" id="EB16EA5E-1BA8-8111-5067-A823920BCACD">
<createdBy>ccarv</createdBy>
<createdTime>2026-01-25 21:26:25 UTC</createdTime>
<ownerDesignName>Encargo_Semanal3_Zapata_Candia</ownerDesignName>
<engineerTo>
<item key="B2CA5730-239F-510A-FBDA-0C02FC95F244" value="true"/>
</engineerTo>
<useDomainConstraints>false</useDomainConstraints>
<use>1</use>
<logicalDatatype>LOGDT011</logicalDatatype>
<ownDataTypeParameters>,,</ownDataTypeParameters>
</Attribute>
<Attribute name="Genero" id="261B8FAD-B9DA-8FCF-2959-DC33A9A1F379">
<createdBy>ccarv</createdBy>
<createdTime>2026-01-25 21:26:54 UTC</createdTime>
<ownerDesignName>Encargo_Semanal3_Zapata_Candia</ownerDesignName>
<engineerTo>
<item key="B2CA5730-239F-510A-FBDA-0C02FC95F244" value="true"/>
</engineerTo>
<useDomainConstraints>false</useDomainConstraints>
<use>1</use>
<logicalDatatype>LOGDT024</logicalDatatype>
<dataTypeSize>1</dataTypeSize>
<ownDataTypeParameters>1,,</ownDataTypeParameters>
</Attribute>
<Attribute name="Direccion" id="9012BE61-E7FA-F16B-52FC-AC84E07F6EA4">
<createdBy>ccarv</createdBy>
<createdTime>2026-01-25 21:27:21 UTC</createdTime>
<ownerDesignName>Encargo_Semanal3_Zapata_Candia</ownerDesignName>
<engineerTo>
<item key="B2CA5730-239F-510A-FBDA-0C02FC95F244" value="true"/>
</engineerTo>
<useDomainConstraints>false</useDomainConstraints>
<use>1</use>
<logicalDatatype>LOGDT024</logicalDatatype>
<dataTypeSize>200</dataTypeSize>
<ownDataTypeParameters>200,,</ownDataTypeParameters>
</Attribute>
<Attribute name="Codigo_Numerico" id="1077A846-6275-BD89-9076-108C565E97F3">
<createdBy>ccarv</createdBy>
<createdTime>2026-01-25 21:56:13 UTC</createdTime>
<generatorID>D188EC80-4741-2763-38F1-C21B185C5C32</generatorID>
<ownerDesignName>Encargo_Semanal3_Zapata_Candia</ownerDesignName>
<engineerTo>
<item key="B2CA5730-239F-510A-FBDA-0C02FC95F244" value="true"/>
</engineerTo>
<nullsAllowed>true</nullsAllowed>
<referedAttribute>FA19EC06-1371-A0C2-F873-1002F453FC8C</referedAttribute>
<useDomainConstraints>false</useDomainConstraints>
<use>1</use>
<logicalDatatype>LOGDT019</logicalDatatype>
<dataTypePrecision>2</dataTypePrecision>
<ownDataTypeParameters>,,</ownDataTypeParameters>
</Attribute>
</attributes>
<identifiers itemClass="oracle.dbtools.crest.model.design.logical.CandidateKey">
<identifier id="3924A8DE-4D9E-E530-58B8-AA1495503B0C" name="Trabajador PK">
<createdBy>ccarv</createdBy>
<createdTime>2026-01-25 21:17:09 UTC</createdTime>
<ownerDesignName>Encargo_Semanal3_Zapata_Candia</ownerDesignName>
<engineerTo>
<item key="B2CA5730-239F-510A-FBDA-0C02FC95F244" value="true"/>
</engineerTo>
<pk>true</pk>
<usedAttributes>
<attributeRef>29E652CD-1366-9A0E-0CB3-AAC08A94A00B</attributeRef>
</usedAttributes>
</identifier>
<identifier id="FE82EDE4-E6F0-22F5-E705-48E9C841D7D5" name="Rut">
<createdBy>ccarv</createdBy>
<createdTime>2026-01-25 21:25:48 UTC</createdTime>
<ownerDesignName>Encargo_Semanal3_Zapata_Candia</ownerDesignName>
<engineerTo>
<item key="B2CA5730-239F-510A-FBDA-0C02FC95F244" value="true"/>
</engineerTo>
<newElementsIDs>70DA29C0-7E6A-3B6A-CA0D-3B86FF153332</newElementsIDs>
<usedAttributes>
<attributeRef>70DA29C0-7E6A-3B6A-CA0D-3B86FF153332</attributeRef>
</usedAttributes>
</identifier>
<identifier id="E9ED4E57-7ADB-E2E1-9744-06DB749789F7" name="Numero_Contrato">
<createdBy>ccarv</createdBy>
<createdTime>2026-01-25 21:26:37 UTC</createdTime>
<ownerDesignName>Encargo_Semanal3_Zapata_Candia</ownerDesignName>
<engineerTo>
<item key="B2CA5730-239F-510A-FBDA-0C02FC95F244" value="true"/>
</engineerTo>
<newElementsIDs>EB16EA5E-1BA8-8111-5067-A823920BCACD</newElementsIDs>
<usedAttributes>
<attributeRef>EB16EA5E-1BA8-8111-5067-A823920BCACD</attributeRef>
</usedAttributes>
</identifier>
</identifiers>
</Entity>