<?xml version = '1.0' encoding = 'UTF-8'?>
<Entity class="oracle.dbtools.crest.model.design.logical.Entity" directorySegmentName="seg_0" id="480473A2-6ACC-8C79-A0DE-0B02C294D773" name="Sucursal">
<createdBy>ccarv</createdBy>
<createdTime>2026-01-25 20:50:27 UTC</createdTime>
<ownerDesignName>Encargo_Semanal3_Zapata_Candia</ownerDesignName>
<engineerTo>
<item key="B2CA5730-239F-510A-FBDA-0C02FC95F244" value="true"/>
</engineerTo>
<adequatelyNormalized>NO</adequatelyNormalized>
<expectedVolumes>0</expectedVolumes>
<fwdEngineeringStrategyName>Single Table</fwdEngineeringStrategyName>
<growthPercent>0</growthPercent>
<growthType>Year</growthType>
<maxVolumes>9999999</maxVolumes>
<minVolumes>0</minVolumes>
<normalForm>Third</normalForm>
<shortName>sucursal</shortName>
<attributes itemClass="oracle.dbtools.crest.model.design.logical.Attribute">
<Attribute name="ID_Sucursal" id="62605982-E405-4072-BD15-77805F0E52E8">
<createdBy>ccarv</createdBy>
<createdTime>2026-01-25 20:50:44 UTC</createdTime>
<ownerDesignName>Encargo_Semanal3_Zapata_Candia</ownerDesignName>
<engineerTo>
<item key="B2CA5730-239F-510A-FBDA-0C02FC95F244" value="true"/>
</engineerTo>
<useDomainConstraints>false</useDomainConstraints>
<use>1</use>
<logicalDatatype>LOGDT011</logicalDatatype>
<ownDataTypeParameters>,,</ownDataTypeParameters>
</Attribute>
<Attribute name="Nombre" id="0F040459-14E4-033F-FB20-9F24C692081D">
<createdBy>ccarv</createdBy>
<createdTime>2026-01-25 20:51:31 UTC</createdTime>
<ownerDesignName>Encargo_Semanal3_Zapata_Candia</ownerDesignName>
<engineerTo>
<item key="B2CA5730-239F-510A-FBDA-0C02FC95F244" value="true"/>
</engineerTo>
<useDomainConstraints>false</useDomainConstraints>
<use>1</use>
<logicalDatatype>LOGDT024</logicalDatatype>
<dataTypeSize>50</dataTypeSize>
<ownDataTypeParameters>50,,</ownDataTypeParameters>
</Attribute>
<Attribute name="Direccion_Completa" id="B9E658AE-103E-7314-83F3-2757FC382BAC">
<createdBy>ccarv</createdBy>
<createdTime>2026-01-25 20:55:36 UTC</createdTime>
<ownerDesignName>Encargo_Semanal3_Zapata_Candia</ownerDesignName>
<engineerTo>
<item key="B2CA5730-239F-510A-FBDA-0C02FC95F244" value="true"/>
</engineerTo>
<useDomainConstraints>false</useDomainConstraints>
<use>1</use>
<logicalDatatype>LOGDT024</logicalDatatype>
<dataTypeSize>200</dataTypeSize>
<ownDataTypeParameters>200,,</ownDataTypeParameters>
</Attribute>
</attributes>
<identifiers itemClass="oracle.dbtools.crest.model.design.logical.CandidateKey">
<identifier id="1899B397-C2A6-4D3B-97F1-5CF4F622D8E1" name="Sucursal PK">
<createdBy>ccarv</createdBy>
<createdTime>2026-01-25 20:51:23 UTC</createdTime>
<ownerDesignName>Encargo_Semanal3_Zapata_Candia</ownerDesignName>
<engineerTo>
<item key="B2CA5730-239F-510A-FBDA-0C02FC95F244" value="true"/>
</engineerTo>
<pk>true</pk>
<usedAttributes>
<attributeRef>62605982-E405-4072-BD15-77805F0E52E8</attributeRef>
</usedAttributes>
</identifier>
<identifier id="F2A471FB-C624-435E-F7D2-62235A93D753" name="Nombre_Unico">
<createdBy>ccarv</createdBy>
<createdTime>2026-01-25 20:53:07 UTC</createdTime>
<ownerDesignName>Encargo_Semanal3_Zapata_Candia</ownerDesignName>
<engineerTo>
<item key="B2CA5730-239F-510A-FBDA-0C02FC95F244" value="true"/>
</engineerTo>
<newElementsIDs>0F040459-14E4-033F-FB20-9F24C692081D</newElementsIDs>
<usedAttributes>
<attributeRef>0F040459-14E4-033F-FB20-9F24C692081D</attributeRef>
</usedAttributes>
</identifier>
</identifiers>
</Entity>