<?xml version = '1.0' encoding = 'UTF-8'?>
<Entity class="oracle.dbtools.crest.model.design.logical.Entity" directorySegmentName="seg_0" id="74F6CD62-D45B-0922-BC15-49742C75CB7D" name="Cliente">
<createdBy>ccarv</createdBy>
<createdTime>2026-01-25 21:06:17 UTC</createdTime>
<ownerDesignName>Encargo_Semanal3_Zapata_Candia</ownerDesignName>
<engineerTo>
<item key="B2CA5730-239F-510A-FBDA-0C02FC95F244" value="true"/>
</engineerTo>
<adequatelyNormalized>NO</adequatelyNormalized>
<expectedVolumes>0</expectedVolumes>
<fwdEngineeringStrategyName>Single Table</fwdEngineeringStrategyName>
<growthPercent>0</growthPercent>
<growthType>Year</growthType>
<maxVolumes>9999999</maxVolumes>
<minVolumes>0</minVolumes>
<normalForm>Third</normalForm>
<shortName>cliente</shortName>
<attributes itemClass="oracle.dbtools.crest.model.design.logical.Attribute">
<Attribute name="ID_Cliente" id="8C38AE2D-9878-FFF9-48C9-5347DCB311AC">
<createdBy>ccarv</createdBy>
<createdTime>2026-01-25 21:06:28 UTC</createdTime>
<ownerDesignName>Encargo_Semanal3_Zapata_Candia</ownerDesignName>
<engineerTo>
<item key="B2CA5730-239F-510A-FBDA-0C02FC95F244" value="true"/>
</engineerTo>
<useDomainConstraints>false</useDomainConstraints>
<use>1</use>
<logicalDatatype>LOGDT011</logicalDatatype>
<ownDataTypeParameters>,,</ownDataTypeParameters>
</Attribute>
<Attribute name="Nombre_Cliente" id="306BAA54-7414-B956-06E9-9074042F88B9">
<createdBy>ccarv</createdBy>
<createdTime>2026-01-25 21:10:44 UTC</createdTime>
<ownerDesignName>Encargo_Semanal3_Zapata_Candia</ownerDesignName>
<engineerTo>
<item key="B2CA5730-239F-510A-FBDA-0C02FC95F244" value="true"/>
</engineerTo>
<useDomainConstraints>false</useDomainConstraints>
<use>1</use>
<logicalDatatype>LOGDT024</logicalDatatype>
<dataTypeSize>30</dataTypeSize>
<ownDataTypeParameters>30,,</ownDataTypeParameters>
</Attribute>
<Attribute name="Tipo_Cliente" id="1C89E5F8-080A-A257-ED96-F48838EAF2EF">
<createdBy>ccarv</createdBy>
<createdTime>2026-01-25 21:10:51 UTC</createdTime>
<ownerDesignName>Encargo_Semanal3_Zapata_Candia</ownerDesignName>
<engineerTo>
<item key="B2CA5730-239F-510A-FBDA-0C02FC95F244" value="true"/>
</engineerTo>
<useDomainConstraints>false</useDomainConstraints>
<use>1</use>
<logicalDatatype>LOGDT024</logicalDatatype>
<dataTypeSize>25</dataTypeSize>
<ownDataTypeParameters>25,,</ownDataTypeParameters>
</Attribute>
<Attribute name="Rut" id="A9BFA53B-9026-00DD-9728-0797FA251784">
<createdBy>ccarv</createdBy>
<createdTime>2026-01-25 21:10:56 UTC</createdTime>
<ownerDesignName>Encargo_Semanal3_Zapata_Candia</ownerDesignName>
<engineerTo>
<item key="B2CA5730-239F-510A-FBDA-0C02FC95F244" value="true"/>
</engineerTo>
<useDomainConstraints>false</useDomainConstraints>
<use>1</use>
<logicalDatatype>LOGDT024</logicalDatatype>
<dataTypeSize>12</dataTypeSize>
<ownDataTypeParameters>12,,</ownDataTypeParameters>
</Attribute>
<Attribute name="EMail" id="602B069B-F4D1-7A83-9856-3E8AECA32561">
<createdBy>ccarv</createdBy>
<createdTime>2026-01-25 21:11:01 UTC</createdTime>
<ownerDesignName>Encargo_Semanal3_Zapata_Candia</ownerDesignName>
<engineerTo>
<item key="B2CA5730-239F-510A-FBDA-0C02FC95F244" value="true"/>
</engineerTo>
<useDomainConstraints>false</useDomainConstraints>
<use>1</use>
<logicalDatatype>LOGDT024</logicalDatatype>
<dataTypeSize>50</dataTypeSize>
<ownDataTypeParameters>50,,</ownDataTypeParameters>
</Attribute>
<Attribute name="Puntos" id="8689BC33-6EFC-F489-E621-7E88FBECB609">
<createdBy>ccarv</createdBy>
<createdTime>2026-01-25 21:06:42 UTC</createdTime>
<ownerDesignName>Encargo_Semanal3_Zapata_Candia</ownerDesignName>
<engineerTo>
<item key="B2CA5730-239F-510A-FBDA-0C02FC95F244" value="true"/>
</engineerTo>
<useDomainConstraints>false</useDomainConstraints>
<use>1</use>
<logicalDatatype>LOGDT011</logicalDatatype>
<ownDataTypeParameters>,,</ownDataTypeParameters>
</Attribute>
</attributes>
<identifiers itemClass="oracle.dbtools.crest.model.design.logical.CandidateKey">
<identifier id="AB06DD3F-1976-3855-8869-F6B750AEE500" name="Cliente PK">
<createdBy>ccarv</createdBy>
<createdTime>2026-01-25 21:06:40 UTC</createdTime>
<ownerDesignName>Encargo_Semanal3_Zapata_Candia</ownerDesignName>
<engineerTo>
<item key="B2CA5730-239F-510A-FBDA-0C02FC95F244" value="true"/>
</engineerTo>
<pk>true</pk>
<usedAttributes>
<attributeRef>8C38AE2D-9878-FFF9-48C9-5347DCB311AC</attributeRef>
</usedAttributes>
</identifier>
<identifier id="2E2145F7-8493-722E-4A31-40C0EC12C091" name="Rut">
<createdBy>ccarv</createdBy>
<createdTime>2026-01-25 21:12:20 UTC</createdTime>
<ownerDesignName>Encargo_Semanal3_Zapata_Candia</ownerDesignName>
<engineerTo>
<item key="B2CA5730-239F-510A-FBDA-0C02FC95F244" value="true"/>
</engineerTo>
<newElementsIDs>A9BFA53B-9026-00DD-9728-0797FA251784</newElementsIDs>
<usedAttributes>
<attributeRef>A9BFA53B-9026-00DD-9728-0797FA251784</attributeRef>
</usedAttributes>
</identifier>
<identifier id="5E2F20B7-D578-4B66-853F-D12DF5844712" name="Email">
<createdBy>ccarv</createdBy>
<createdTime>2026-01-25 21:12:35 UTC</createdTime>
<ownerDesignName>Encargo_Semanal3_Zapata_Candia</ownerDesignName>
<engineerTo>
<item key="B2CA5730-239F-510A-FBDA-0C02FC95F244" value="true"/>
</engineerTo>
<newElementsIDs>602B069B-F4D1-7A83-9856-3E8AECA32561</newElementsIDs>
<usedAttributes>
<attributeRef>602B069B-F4D1-7A83-9856-3E8AECA32561</attributeRef>
</usedAttributes>
</identifier>
</identifiers>
</Entity>