<?xml version = '1.0' encoding = 'UTF-8'?>
<Entity class="oracle.dbtools.crest.model.design.logical.Entity" directorySegmentName="seg_0" id="F07CBEFE-E0A9-42CD-0369-C0EEE4DEB992" name="Contrato">
<createdBy>ccarv</createdBy>
<createdTime>2026-01-25 21:29:55 UTC</createdTime>
<ownerDesignName>Encargo_Semanal3_Zapata_Candia</ownerDesignName>
<engineerTo>
<item key="B2CA5730-239F-510A-FBDA-0C02FC95F244" value="true"/>
</engineerTo>
<adequatelyNormalized>NO</adequatelyNormalized>
<expectedVolumes>0</expectedVolumes>
<fwdEngineeringStrategyName>Single Table</fwdEngineeringStrategyName>
<growthPercent>0</growthPercent>
<growthType>Year</growthType>
<maxVolumes>9999999</maxVolumes>
<minVolumes>0</minVolumes>
<normalForm>Third</normalForm>
<shortName>contrato</shortName>
<attributes itemClass="oracle.dbtools.crest.model.design.logical.Attribute">
<Attribute name="Numero_Contrato" id="18FB9E9F-F97F-CF1F-05EC-E87E1116FC5D">
<createdBy>ccarv</createdBy>
<createdTime>2026-01-25 21:31:44 UTC</createdTime>
<ownerDesignName>Encargo_Semanal3_Zapata_Candia</ownerDesignName>
<engineerTo>
<item key="B2CA5730-239F-510A-FBDA-0C02FC95F244" value="true"/>
</engineerTo>
<useDomainConstraints>false</useDomainConstraints>
<use>1</use>
<logicalDatatype>LOGDT011</logicalDatatype>
<ownDataTypeParameters>,,</ownDataTypeParameters>
</Attribute>
<Attribute name="Fecha_Contrato" id="DDFFA225-AB17-8254-FB62-E11359963029">
<createdBy>ccarv</createdBy>
<createdTime>2026-01-25 21:32:00 UTC</createdTime>
<ownerDesignName>Encargo_Semanal3_Zapata_Candia</ownerDesignName>
<engineerTo>
<item key="B2CA5730-239F-510A-FBDA-0C02FC95F244" value="true"/>
</engineerTo>
<useDomainConstraints>false</useDomainConstraints>
<use>1</use>
<logicalDatatype>LOGDT007</logicalDatatype>
<ownDataTypeParameters>,,</ownDataTypeParameters>
</Attribute>
<Attribute name="Tipo_Contrato" id="45EA0556-6C8E-E197-AFD9-AFE433635DE6">
<createdBy>ccarv</createdBy>
<createdTime>2026-01-25 21:32:08 UTC</createdTime>
<ownerDesignName>Encargo_Semanal3_Zapata_Candia</ownerDesignName>
<engineerTo>
<item key="B2CA5730-239F-510A-FBDA-0C02FC95F244" value="true"/>
</engineerTo>
<useDomainConstraints>false</useDomainConstraints>
<use>1</use>
<logicalDatatype>LOGDT006</logicalDatatype>
<dataTypeSize>1</dataTypeSize>
<ownDataTypeParameters>1,,</ownDataTypeParameters>
</Attribute>
<Attribute name="ID_Sucursal" id="FEDF14F6-3AE6-30D4-41E5-3F96114E820B">
<createdBy>ccarv</createdBy>
<createdTime>2026-01-25 21:48:09 UTC</createdTime>
<generatorID>54018479-369B-F7AB-C1A3-68353320D421</generatorID>
<ownerDesignName>Encargo_Semanal3_Zapata_Candia</ownerDesignName>
<engineerTo>
<item key="B2CA5730-239F-510A-FBDA-0C02FC95F244" value="true"/>
</engineerTo>
<referedAttribute>62605982-E405-4072-BD15-77805F0E52E8</referedAttribute>
<useDomainConstraints>false</useDomainConstraints>
<use>1</use>
<logicalDatatype>LOGDT011</logicalDatatype>
<ownDataTypeParameters>,,</ownDataTypeParameters>
</Attribute>
<Attribute name="ID_Trabajador" id="6C8BB64C-4655-09C0-8E05-A6296FF91BF4">
<createdBy>ccarv</createdBy>
<createdTime>2026-01-25 22:51:08 UTC</createdTime>
<generatorID>C2501849-0BB4-71AB-A0A0-ABC57F62A27A</generatorID>
<ownerDesignName>Encargo_Semanal3_Zapata_Candia</ownerDesignName>
<engineerTo>
<item key="B2CA5730-239F-510A-FBDA-0C02FC95F244" value="true"/>
</engineerTo>
<referedAttribute>29E652CD-1366-9A0E-0CB3-AAC08A94A00B</referedAttribute>
<useDomainConstraints>false</useDomainConstraints>
<use>1</use>
<logicalDatatype>LOGDT011</logicalDatatype>
<ownDataTypeParameters>,,</ownDataTypeParameters>
</Attribute>
</attributes>
<identifiers itemClass="oracle.dbtools.crest.model.design.logical.CandidateKey">
<identifier id="F473B637-2F21-D3F3-D1C6-E1408AC5650E" name="Contrato PK">
<createdBy>ccarv</createdBy>
<createdTime>2026-01-25 21:31:54 UTC</createdTime>
<ownerDesignName>Encargo_Semanal3_Zapata_Candia</ownerDesignName>
<engineerTo>
<item key="B2CA5730-239F-510A-FBDA-0C02FC95F244" value="true"/>
</engineerTo>
<pk>true</pk>
<usedAttributes>
<attributeRef>18FB9E9F-F97F-CF1F-05EC-E87E1116FC5D</attributeRef>
<attributeRef>FEDF14F6-3AE6-30D4-41E5-3F96114E820B</attributeRef>
<attributeRef>4A7BB915-BE1D-E07C-2FDF-77C27C7F1CF9</attributeRef>
<attributeRef>A8229485-F9DB-E3E3-5282-D38568DAA733</attributeRef>
<attributeRef>4A7BB915-BE1D-E07C-2FDF-77C27C7F1CF9</attributeRef>
<attributeRef>A8229485-F9DB-E3E3-5282-D38568DAA733</attributeRef>
</usedAttributes>
</identifier>
</identifiers>
</Entity>