<?xml version = '1.0' encoding = 'UTF-8'?>
<Entity class="oracle.dbtools.crest.model.design.logical.Entity" directorySegmentName="seg_0" id="096C9406-C01E-190E-75AF-B4F6B7C38593" name="Reserva">
<createdBy>ccarv</createdBy>
<createdTime>2026-01-18 22:25:02 UTC</createdTime>
<ownerDesignName>Entrega_semana2_Catalina_Zapata_Raziel_Candia</ownerDesignName>
<engineerTo>
<item key="B17CA745-6698-C009-270C-E4AF4C8804B3" value="true"/>
</engineerTo>
<adequatelyNormalized>NO</adequatelyNormalized>
<expectedVolumes>0</expectedVolumes>
<fwdEngineeringStrategyName>Single Table</fwdEngineeringStrategyName>
<growthPercent>0</growthPercent>
<growthType>Year</growthType>
<maxVolumes>9999999</maxVolumes>
<minVolumes>0</minVolumes>
<normalForm>Third</normalForm>
<shortName>reserva</shortName>
<attributes itemClass="oracle.dbtools.crest.model.design.logical.Attribute">
<Attribute name="Número" id="E4576F09-DFFF-80E5-48A4-6C1A868FDF14">
<createdBy>ccarv</createdBy>
<createdTime>2026-01-18 22:25:23 UTC</createdTime>
<ownerDesignName>Entrega_semana2_Catalina_Zapata_Raziel_Candia</ownerDesignName>
<engineerTo>
<item key="B17CA745-6698-C009-270C-E4AF4C8804B3" value="true"/>
</engineerTo>
<useDomainConstraints>false</useDomainConstraints>
<use>1</use>
<logicalDatatype>LOGDT019</logicalDatatype>
<dataTypePrecision>100</dataTypePrecision>
<ownDataTypeParameters>,100,</ownDataTypeParameters>
</Attribute>
<Attribute name="Fecha_reserva" id="DD5DE2BF-B423-FB38-CB85-F6A11519102F">
<createdBy>ccarv</createdBy>
<createdTime>2026-01-18 22:25:27 UTC</createdTime>
<ownerDesignName>Entrega_semana2_Catalina_Zapata_Raziel_Candia</ownerDesignName>
<engineerTo>
<item key="B17CA745-6698-C009-270C-E4AF4C8804B3" value="true"/>
</engineerTo>
<useDomainConstraints>false</useDomainConstraints>
<use>1</use>
<logicalDatatype>LOGDT007</logicalDatatype>
<ownDataTypeParameters>,,</ownDataTypeParameters>
</Attribute>
<Attribute name="Fecha_viaje" id="3F19450D-6E07-9631-23E6-A160A2C1AED9">
<createdBy>ccarv</createdBy>
<createdTime>2026-01-18 22:25:28 UTC</createdTime>
<ownerDesignName>Entrega_semana2_Catalina_Zapata_Raziel_Candia</ownerDesignName>
<engineerTo>
<item key="B17CA745-6698-C009-270C-E4AF4C8804B3" value="true"/>
</engineerTo>
<useDomainConstraints>false</useDomainConstraints>
<use>1</use>
<logicalDatatype>LOGDT007</logicalDatatype>
<ownDataTypeParameters>,,</ownDataTypeParameters>
</Attribute>
<Attribute name="Estado" id="432606A4-6CDA-3BDE-84EA-6CC672A52989">
<createdBy>ccarv</createdBy>
<createdTime>2026-01-18 22:25:30 UTC</createdTime>
<ownerDesignName>Entrega_semana2_Catalina_Zapata_Raziel_Candia</ownerDesignName>
<engineerTo>
<item key="B17CA745-6698-C009-270C-E4AF4C8804B3" value="true"/>
</engineerTo>
<nullsAllowed>true</nullsAllowed>
<useDomainConstraints>false</useDomainConstraints>
<use>1</use>
<logicalDatatype>LOGDT006</logicalDatatype>
<dataTypeSize>1 BYTE</dataTypeSize>
<ownDataTypeParameters>1 BYTE,,</ownDataTypeParameters>
</Attribute>
<Attribute name="Numero_pasaporte_CDI" id="A9164DE8-46AD-6B2F-6997-5F42E7323E5A">
<createdBy>ccarv</createdBy>
<createdTime>2026-01-18 23:01:14 UTC</createdTime>
<generatorID>AC8211CB-184E-4497-6301-A493259292E0</generatorID>
<ownerDesignName>Entrega_semana2_Catalina_Zapata_Raziel_Candia</ownerDesignName>
<engineerTo>
<item key="B17CA745-6698-C009-270C-E4AF4C8804B3" value="true"/>
</engineerTo>
<nullsAllowed>true</nullsAllowed>
<referedAttribute>C2ECC9BD-F916-0E14-14FA-A1972778BE58</referedAttribute>
<useDomainConstraints>false</useDomainConstraints>
<use>1</use>
<logicalDatatype>LOGDT024</logicalDatatype>
<dataTypeSize>15</dataTypeSize>
<ownDataTypeParameters>,,</ownDataTypeParameters>
</Attribute>
<Attribute name="Numero_vuelo" id="A42BD58D-1412-02C9-A832-F8D3341292FF">
<createdBy>ccarv</createdBy>
<createdTime>2026-01-18 23:05:19 UTC</createdTime>
<generatorID>DAACE51B-C58E-13B9-0BD7-865B64B395E5</generatorID>
<ownerDesignName>Entrega_semana2_Catalina_Zapata_Raziel_Candia</ownerDesignName>
<engineerTo>
<item key="B17CA745-6698-C009-270C-E4AF4C8804B3" value="true"/>
</engineerTo>
<referedAttribute>4104AC98-1AE3-4F2F-DE19-028E8B0D4425</referedAttribute>
<useDomainConstraints>false</useDomainConstraints>
<use>1</use>
<logicalDatatype>LOGDT019</logicalDatatype>
<dataTypePrecision>100</dataTypePrecision>
<ownDataTypeParameters>,,</ownDataTypeParameters>
</Attribute>
</attributes>
<identifiers itemClass="oracle.dbtools.crest.model.design.logical.CandidateKey">
<identifier id="10A34551-4626-C506-AEFB-75BD9F6E9DCE" name="Reserva PK">
<createdBy>ccarv</createdBy>
<createdTime>2026-01-18 22:25:43 UTC</createdTime>
<ownerDesignName>Entrega_semana2_Catalina_Zapata_Raziel_Candia</ownerDesignName>
<engineerTo>
<item key="B17CA745-6698-C009-270C-E4AF4C8804B3" value="true"/>
</engineerTo>
<pk>true</pk>
<usedAttributes>
<attributeRef>E4576F09-DFFF-80E5-48A4-6C1A868FDF14</attributeRef>
</usedAttributes>
</identifier>
</identifiers>
</Entity>