<?xml version = '1.0' encoding = 'UTF-8'?>
<Entity class="oracle.dbtools.crest.model.design.logical.Entity" directorySegmentName="seg_0" id="56C9ED84-7043-B804-BD14-4284074BC092" name="Equipaje">
<createdBy>ccarv</createdBy>
<createdTime>2026-01-18 22:49:50 UTC</createdTime>
<ownerDesignName>Entrega_semana2_Catalina_Zapata_Raziel_Candia</ownerDesignName>
<engineerTo>
<item key="B17CA745-6698-C009-270C-E4AF4C8804B3" value="true"/>
</engineerTo>
<adequatelyNormalized>NO</adequatelyNormalized>
<expectedVolumes>0</expectedVolumes>
<fwdEngineeringStrategyName>Single Table</fwdEngineeringStrategyName>
<growthPercent>0</growthPercent>
<growthType>Year</growthType>
<maxVolumes>9999999</maxVolumes>
<minVolumes>0</minVolumes>
<normalForm>Third</normalForm>
<attributes itemClass="oracle.dbtools.crest.model.design.logical.Attribute">
<Attribute name="ID_Maleta" id="02456E6F-A606-8E21-7886-6379ACCD516B">
<createdBy>ccarv</createdBy>
<createdTime>2026-01-18 22:49:54 UTC</createdTime>
<ownerDesignName>Entrega_semana2_Catalina_Zapata_Raziel_Candia</ownerDesignName>
<engineerTo>
<item key="B17CA745-6698-C009-270C-E4AF4C8804B3" value="true"/>
</engineerTo>
<useDomainConstraints>false</useDomainConstraints>
<use>1</use>
<logicalDatatype>LOGDT024</logicalDatatype>
<dataTypeSize>15</dataTypeSize>
<ownDataTypeParameters>15,,</ownDataTypeParameters>
</Attribute>
<Attribute name="Descripcion" id="37CC4510-671E-A267-32CD-AC2A479F85B2">
<createdBy>ccarv</createdBy>
<createdTime>2026-01-18 22:50:42 UTC</createdTime>
<ownerDesignName>Entrega_semana2_Catalina_Zapata_Raziel_Candia</ownerDesignName>
<engineerTo>
<item key="B17CA745-6698-C009-270C-E4AF4C8804B3" value="true"/>
</engineerTo>
<nullsAllowed>true</nullsAllowed>
<useDomainConstraints>false</useDomainConstraints>
<use>1</use>
<logicalDatatype>LOGDT024</logicalDatatype>
<dataTypeSize>200</dataTypeSize>
<ownDataTypeParameters>200,,</ownDataTypeParameters>
</Attribute>
<Attribute name="Color" id="91F5B597-C14E-6727-C07C-DF8BD996C7E3">
<createdBy>ccarv</createdBy>
<createdTime>2026-01-18 22:50:57 UTC</createdTime>
<ownerDesignName>Entrega_semana2_Catalina_Zapata_Raziel_Candia</ownerDesignName>
<engineerTo>
<item key="B17CA745-6698-C009-270C-E4AF4C8804B3" value="true"/>
</engineerTo>
<useDomainConstraints>false</useDomainConstraints>
<use>1</use>
<logicalDatatype>LOGDT024</logicalDatatype>
<dataTypeSize>15</dataTypeSize>
<ownDataTypeParameters>15,,</ownDataTypeParameters>
</Attribute>
<Attribute name="Peso_KG" id="099B03A6-92E7-D777-8B50-5D89BF7CF0AB">
<createdBy>ccarv</createdBy>
<createdTime>2026-01-18 22:51:07 UTC</createdTime>
<ownerDesignName>Entrega_semana2_Catalina_Zapata_Raziel_Candia</ownerDesignName>
<engineerTo>
<item key="B17CA745-6698-C009-270C-E4AF4C8804B3" value="true"/>
</engineerTo>
<useDomainConstraints>false</useDomainConstraints>
<use>1</use>
<logicalDatatype>LOGDT019</logicalDatatype>
<dataTypePrecision>2</dataTypePrecision>
<dataTypeScale>1</dataTypeScale>
<ownDataTypeParameters>,2,1</ownDataTypeParameters>
</Attribute>
<Attribute name="Numero_pasaporte_CDI" id="DF15F7A3-5D47-3C67-0730-7E5807E36189">
<createdBy>ccarv</createdBy>
<createdTime>2026-01-18 23:03:39 UTC</createdTime>
<generatorID>23D3B76D-6DC3-92EA-62E6-69579C87167B</generatorID>
<ownerDesignName>Entrega_semana2_Catalina_Zapata_Raziel_Candia</ownerDesignName>
<engineerTo>
<item key="B17CA745-6698-C009-270C-E4AF4C8804B3" value="true"/>
</engineerTo>
<nullsAllowed>true</nullsAllowed>
<referedAttribute>C2ECC9BD-F916-0E14-14FA-A1972778BE58</referedAttribute>
<useDomainConstraints>false</useDomainConstraints>
<use>1</use>
<logicalDatatype>LOGDT024</logicalDatatype>
<dataTypeSize>15</dataTypeSize>
<ownDataTypeParameters>,,</ownDataTypeParameters>
</Attribute>
</attributes>
<identifiers itemClass="oracle.dbtools.crest.model.design.logical.CandidateKey">
<identifier id="D736FF93-CD76-D0CC-B5DD-05116E097EA4" name="Equipaje PK">
<createdBy>ccarv</createdBy>
<createdTime>2026-01-18 22:50:04 UTC</createdTime>
<ownerDesignName>Entrega_semana2_Catalina_Zapata_Raziel_Candia</ownerDesignName>
<engineerTo>
<item key="B17CA745-6698-C009-270C-E4AF4C8804B3" value="true"/>
</engineerTo>
<pk>true</pk>
<usedAttributes>
<attributeRef>02456E6F-A606-8E21-7886-6379ACCD516B</attributeRef>
</usedAttributes>
</identifier>
</identifiers>
</Entity>