<?xml version = '1.0' encoding = 'UTF-8'?>
<Entity class="oracle.dbtools.crest.model.design.logical.Entity" directorySegmentName="seg_0" id="27D05AF8-5A75-A07D-CBF3-0C81387077FC" name="Sucursal">
<createdBy>ccarv</createdBy>
<createdTime>2026-02-09 01:12:14 UTC</createdTime>
<ownerDesignName>Entrega_Semana5</ownerDesignName>
<engineerTo>
<item key="888021BE-7018-6B1D-DD35-EAEEC0197658" value="true"/>
</engineerTo>
<adequatelyNormalized>NO</adequatelyNormalized>
<expectedVolumes>0</expectedVolumes>
<fwdEngineeringStrategyName>Single Table</fwdEngineeringStrategyName>
<growthPercent>0</growthPercent>
<growthType>Year</growthType>
<maxVolumes>9999999</maxVolumes>
<minVolumes>0</minVolumes>
<normalForm>Third</normalForm>
<attributes itemClass="oracle.dbtools.crest.model.design.logical.Attribute">
<Attribute name="Sigla" id="A36D9721-46FA-D4FE-E222-AE20FE159611">
<createdBy>ccarv</createdBy>
<createdTime>2026-02-09 01:12:33 UTC</createdTime>
<ownerDesignName>Entrega_Semana5</ownerDesignName>
<engineerTo>
<item key="888021BE-7018-6B1D-DD35-EAEEC0197658" value="true"/>
</engineerTo>
<useDomainConstraints>false</useDomainConstraints>
<use>1</use>
<logicalDatatype>LOGDT024</logicalDatatype>
<dataTypeSize>10</dataTypeSize>
<ownDataTypeParameters>10,,</ownDataTypeParameters>
</Attribute>
<Attribute name="Nombre" id="E285E5CE-A337-FAC6-D4B4-55F42BE540F4">
<createdBy>ccarv</createdBy>
<createdTime>2026-02-09 01:13:41 UTC</createdTime>
<ownerDesignName>Entrega_Semana5</ownerDesignName>
<engineerTo>
<item key="888021BE-7018-6B1D-DD35-EAEEC0197658" value="true"/>
</engineerTo>
<useDomainConstraints>false</useDomainConstraints>
<use>1</use>
<logicalDatatype>LOGDT024</logicalDatatype>
<dataTypeSize>50</dataTypeSize>
<ownDataTypeParameters>50,,</ownDataTypeParameters>
</Attribute>
<Attribute name="ID_Comuna" id="3CBC224B-932A-FAE9-0322-288C43BCD8AF">
<createdBy>ccarv</createdBy>
<createdTime>2026-02-09 02:09:37 UTC</createdTime>
<generatorID>593551F4-7A1D-268C-BFB2-84DD0EC42820</generatorID>
<ownerDesignName>Entrega_Semana5</ownerDesignName>
<engineerTo>
<item key="888021BE-7018-6B1D-DD35-EAEEC0197658" value="true"/>
</engineerTo>
<referedAttribute>B104A4AD-4326-1B10-3D57-BDFF8F546ACF</referedAttribute>
<useDomainConstraints>false</useDomainConstraints>
<use>1</use>
<logicalDatatype>LOGDT019</logicalDatatype>
<dataTypePrecision>3</dataTypePrecision>
<ownDataTypeParameters>,,</ownDataTypeParameters>
</Attribute>
</attributes>
<identifiers itemClass="oracle.dbtools.crest.model.design.logical.CandidateKey">
<identifier id="AFE7A7CB-63D0-D281-E71F-FE1016E7E29F" name="Sucursal PK">
<createdBy>ccarv</createdBy>
<createdTime>2026-02-09 01:12:44 UTC</createdTime>
<ownerDesignName>Entrega_Semana5</ownerDesignName>
<engineerTo>
<item key="888021BE-7018-6B1D-DD35-EAEEC0197658" value="true"/>
</engineerTo>
<pk>true</pk>
<usedAttributes>
<attributeRef>A36D9721-46FA-D4FE-E222-AE20FE159611</attributeRef>
</usedAttributes>
</identifier>
</identifiers>
</Entity>