<?xml version = '1.0' encoding = 'UTF-8'?>
<Entity class="oracle.dbtools.crest.model.design.logical.Entity" directorySegmentName="seg_0" id="53A53C2E-0AEF-C07D-B090-9528A51ED65F" name="Región">
<createdBy>ccarv</createdBy>
<createdTime>2026-02-09 01:15:07 UTC</createdTime>
<ownerDesignName>Entrega_Semana5</ownerDesignName>
<engineerTo>
<item key="888021BE-7018-6B1D-DD35-EAEEC0197658" value="true"/>
</engineerTo>
<adequatelyNormalized>NO</adequatelyNormalized>
<expectedVolumes>0</expectedVolumes>
<fwdEngineeringStrategyName>Single Table</fwdEngineeringStrategyName>
<growthPercent>0</growthPercent>
<growthType>Year</growthType>
<maxVolumes>9999999</maxVolumes>
<minVolumes>0</minVolumes>
<normalForm>Third</normalForm>
<attributes itemClass="oracle.dbtools.crest.model.design.logical.Attribute">
<Attribute name="ID_Región" id="DDC164BF-24D1-8359-BDEF-1136F6BA2885">
<createdBy>ccarv</createdBy>
<createdTime>2026-02-09 01:15:11 UTC</createdTime>
<ownerDesignName>Entrega_Semana5</ownerDesignName>
<engineerTo>
<item key="888021BE-7018-6B1D-DD35-EAEEC0197658" value="true"/>
</engineerTo>
<useDomainConstraints>false</useDomainConstraints>
<use>1</use>
<logicalDatatype>LOGDT019</logicalDatatype>
<dataTypePrecision>2</dataTypePrecision>
<ownDataTypeParameters>,2,</ownDataTypeParameters>
</Attribute>
<Attribute name="Nombre_Región" id="AB5192EE-6F19-5FE3-15CA-B8B11E2D68B2">
<createdBy>ccarv</createdBy>
<createdTime>2026-02-09 01:15:23 UTC</createdTime>
<ownerDesignName>Entrega_Semana5</ownerDesignName>
<engineerTo>
<item key="888021BE-7018-6B1D-DD35-EAEEC0197658" value="true"/>
</engineerTo>
<useDomainConstraints>false</useDomainConstraints>
<use>1</use>
<logicalDatatype>LOGDT024</logicalDatatype>
<dataTypeSize>50</dataTypeSize>
<ownDataTypeParameters>50,,</ownDataTypeParameters>
</Attribute>
</attributes>
<identifiers itemClass="oracle.dbtools.crest.model.design.logical.CandidateKey">
<identifier id="AAD3D9E8-8BEF-D20E-F751-D35136947D25" name="Región PK">
<createdBy>ccarv</createdBy>
<createdTime>2026-02-09 01:15:22 UTC</createdTime>
<ownerDesignName>Entrega_Semana5</ownerDesignName>
<engineerTo>
<item key="888021BE-7018-6B1D-DD35-EAEEC0197658" value="true"/>
</engineerTo>
<pk>true</pk>
<usedAttributes>
<attributeRef>DDC164BF-24D1-8359-BDEF-1136F6BA2885</attributeRef>
</usedAttributes>
</identifier>
</identifiers>
</Entity>