<?xml version = '1.0' encoding = 'UTF-8'?>
<Entity class="oracle.dbtools.crest.model.design.logical.Entity" directorySegmentName="seg_0" id="8027B9C0-FFA6-D1FD-9299-2979C9F171DF" name="Marca">
<createdBy>ccarv</createdBy>
<createdTime>2026-02-09 01:52:31 UTC</createdTime>
<ownerDesignName>Entrega_Semana5</ownerDesignName>
<engineerTo>
<item key="888021BE-7018-6B1D-DD35-EAEEC0197658" value="true"/>
</engineerTo>
<adequatelyNormalized>NO</adequatelyNormalized>
<expectedVolumes>0</expectedVolumes>
<fwdEngineeringStrategyName>Single Table</fwdEngineeringStrategyName>
<growthPercent>0</growthPercent>
<growthType>Year</growthType>
<maxVolumes>9999999</maxVolumes>
<minVolumes>0</minVolumes>
<normalForm>Third</normalForm>
<attributes itemClass="oracle.dbtools.crest.model.design.logical.Attribute">
<Attribute name="ID_Marca" id="73FB1BBF-A1AA-0241-92D5-4F589FDB2CBC">
<createdBy>ccarv</createdBy>
<createdTime>2026-02-09 01:52:34 UTC</createdTime>
<ownerDesignName>Entrega_Semana5</ownerDesignName>
<engineerTo>
<item key="888021BE-7018-6B1D-DD35-EAEEC0197658" value="true"/>
</engineerTo>
<useDomainConstraints>false</useDomainConstraints>
<use>1</use>
<logicalDatatype>LOGDT019</logicalDatatype>
<dataTypePrecision>4</dataTypePrecision>
<ownDataTypeParameters>,4,</ownDataTypeParameters>
</Attribute>
<Attribute name="Nombre_Marca" id="A4E5A6C9-99C6-A47A-DEBC-9825A65E8EFA">
<createdBy>ccarv</createdBy>
<createdTime>2026-02-09 01:52:44 UTC</createdTime>
<ownerDesignName>Entrega_Semana5</ownerDesignName>
<engineerTo>
<item key="888021BE-7018-6B1D-DD35-EAEEC0197658" value="true"/>
</engineerTo>
<useDomainConstraints>false</useDomainConstraints>
<use>1</use>
<logicalDatatype>LOGDT024</logicalDatatype>
<dataTypeSize>30</dataTypeSize>
<ownDataTypeParameters>30,,</ownDataTypeParameters>
</Attribute>
</attributes>
<identifiers itemClass="oracle.dbtools.crest.model.design.logical.CandidateKey">
<identifier id="1519387E-AD4B-8245-D248-B6D139B61877" name="Marca PK">
<createdBy>ccarv</createdBy>
<createdTime>2026-02-09 01:52:43 UTC</createdTime>
<ownerDesignName>Entrega_Semana5</ownerDesignName>
<engineerTo>
<item key="888021BE-7018-6B1D-DD35-EAEEC0197658" value="true"/>
</engineerTo>
<pk>true</pk>
<usedAttributes>
<attributeRef>73FB1BBF-A1AA-0241-92D5-4F589FDB2CBC</attributeRef>
</usedAttributes>
</identifier>
</identifiers>
</Entity>