<?xml version = '1.0' encoding = 'UTF-8'?>
<Entity class="oracle.dbtools.crest.model.design.logical.Entity" directorySegmentName="seg_0" id="829F9E6E-7127-CDA4-9C0E-B03B1A7C906C" name="Modelo">
<createdBy>ccarv</createdBy>
<createdTime>2026-02-09 01:52:57 UTC</createdTime>
<ownerDesignName>Entrega_Semana5</ownerDesignName>
<engineerTo>
<item key="888021BE-7018-6B1D-DD35-EAEEC0197658" value="true"/>
</engineerTo>
<adequatelyNormalized>NO</adequatelyNormalized>
<expectedVolumes>0</expectedVolumes>
<fwdEngineeringStrategyName>Single Table</fwdEngineeringStrategyName>
<growthPercent>0</growthPercent>
<growthType>Year</growthType>
<maxVolumes>9999999</maxVolumes>
<minVolumes>0</minVolumes>
<normalForm>Third</normalForm>
<attributes itemClass="oracle.dbtools.crest.model.design.logical.Attribute">
<Attribute name="ID_Modelo" id="160272AC-7DBF-3493-8F95-B83A2D433964">
<createdBy>ccarv</createdBy>
<createdTime>2026-02-09 01:53:08 UTC</createdTime>
<ownerDesignName>Entrega_Semana5</ownerDesignName>
<engineerTo>
<item key="888021BE-7018-6B1D-DD35-EAEEC0197658" value="true"/>
</engineerTo>
<useDomainConstraints>false</useDomainConstraints>
<use>1</use>
<logicalDatatype>LOGDT019</logicalDatatype>
<dataTypePrecision>2</dataTypePrecision>
<ownDataTypeParameters>,2,</ownDataTypeParameters>
</Attribute>
<Attribute name="Nombre_Modelo" id="AE09B8C1-871C-DBDF-AF9A-E67CF157A2B1">
<createdBy>ccarv</createdBy>
<createdTime>2026-02-09 01:53:16 UTC</createdTime>
<ownerDesignName>Entrega_Semana5</ownerDesignName>
<engineerTo>
<item key="888021BE-7018-6B1D-DD35-EAEEC0197658" value="true"/>
</engineerTo>
<useDomainConstraints>false</useDomainConstraints>
<use>1</use>
<logicalDatatype>LOGDT024</logicalDatatype>
<dataTypeSize>30</dataTypeSize>
<ownDataTypeParameters>30,,</ownDataTypeParameters>
</Attribute>
<Attribute name="ID_Marca" id="A8C62586-4FAF-0893-EDF7-C172A05F8C74">
<createdBy>ccarv</createdBy>
<createdTime>2026-02-09 02:20:57 UTC</createdTime>
<generatorID>65D505F9-CDEC-DA8D-5B7A-30C31EC2E485</generatorID>
<ownerDesignName>Entrega_Semana5</ownerDesignName>
<engineerTo>
<item key="888021BE-7018-6B1D-DD35-EAEEC0197658" value="true"/>
</engineerTo>
<referedAttribute>73FB1BBF-A1AA-0241-92D5-4F589FDB2CBC</referedAttribute>
<useDomainConstraints>false</useDomainConstraints>
<use>1</use>
<logicalDatatype>LOGDT019</logicalDatatype>
<dataTypePrecision>4</dataTypePrecision>
<ownDataTypeParameters>,,</ownDataTypeParameters>
</Attribute>
<Attribute name="ID_Producto" id="B1107DA5-44F0-236F-9BE4-BFBEFF2B7174">
<createdBy>ccarv</createdBy>
<createdTime>2026-02-09 02:22:05 UTC</createdTime>
<generatorID>BD227B5A-666D-362D-4315-DB844D36820F</generatorID>
<ownerDesignName>Entrega_Semana5</ownerDesignName>
<engineerTo>
<item key="888021BE-7018-6B1D-DD35-EAEEC0197658" value="true"/>
</engineerTo>
<referedAttribute>1B311B30-0672-1271-CB27-EA379D9A0637</referedAttribute>
<useDomainConstraints>false</useDomainConstraints>
<use>1</use>
<logicalDatatype>LOGDT019</logicalDatatype>
<dataTypePrecision>3</dataTypePrecision>
<ownDataTypeParameters>,,</ownDataTypeParameters>
</Attribute>
</attributes>
<identifiers itemClass="oracle.dbtools.crest.model.design.logical.CandidateKey">
<identifier id="37B7DFA7-9823-E7CC-F3F6-72BE3C0F93A4" name="Modelo PK">
<createdBy>ccarv</createdBy>
<createdTime>2026-02-09 01:53:15 UTC</createdTime>
<ownerDesignName>Entrega_Semana5</ownerDesignName>
<engineerTo>
<item key="888021BE-7018-6B1D-DD35-EAEEC0197658" value="true"/>
</engineerTo>
<pk>true</pk>
<usedAttributes>
<attributeRef>160272AC-7DBF-3493-8F95-B83A2D433964</attributeRef>
</usedAttributes>
</identifier>
</identifiers>
</Entity>