<?xml version = '1.0' encoding = 'UTF-8'?>
<Diagram class="oracle.dbtools.crest.swingui.relational.DPVRelational" name="Relational_1" id="6E40E2A0-9ACA-EB54-4861-D41703B6F832">
<createdBy>ccarv</createdBy>
<modifiedBy>ccarv</modifiedBy>
<createdTime>2026-01-12 21:58:56 UTC</createdTime>
<autoRoute>false</autoRoute>
<boxInbox>true</boxInbox>
<showLegend>false</showLegend>
<showLabels>false</showLabels>
<showRelAttributes>false</showRelAttributes>
<gridEnabled>false</gridEnabled>
<showGrid>false</showGrid>
<diagramColor>-1</diagramColor>
<display>false</display>
<notation>1</notation>
<displays>
<Display class="oracle.dbtools.crest.swingui.relational.DPVRelational" name="Display_1" id="0C437F8E-070A-4F91-AEE1-2E4285085CC6">
<createdBy>ccarv</createdBy>
<modifiedBy>ccarv</modifiedBy>
<createdTime>2026-01-12 22:03:09 UTC</createdTime>
<autoRoute>false</autoRoute>
<boxInbox>true</boxInbox>
<showLegend>false</showLegend>
<showLabels>false</showLabels>
<showRelAttributes>false</showRelAttributes>
<gridEnabled>false</gridEnabled>
<showGrid>false</showGrid>
<diagramColor>-1</diagramColor>
<display>true</display>
<notation>1</notation>
</Display>
</displays>
</Diagram>