<?xml version = '1.0' encoding = 'UTF-8'?>
<relationalModel class="oracle.dbtools.crest.model.design.relational.RelationalDesign" name="Relational_1" id="B2CA5730-239F-510A-FBDA-0C02FC95F244" mainViewID="EB4DED8B-F77F-EA67-301B-9DD5BA369A49">
<createdBy>ccarv</createdBy>
<createdTime>2026-01-25 20:42:28 UTC</createdTime>
<ownerDesignName>Encargo_Semanal3_Zapata_Candia</ownerDesignName>
<shouldBeOpen>false</shouldBeOpen>
<selectedRDBMSSite>32076570-2523-435C-2E92-BF29817DFF70</selectedRDBMSSite>
</relationalModel>