<?xml version = '1.0' encoding = 'UTF-8'?>
<Relation class="oracle.dbtools.crest.model.design.logical.Relation" name="Comuna-Sucursal" directorySegmentName="seg_0" id="593551F4-7A1D-268C-BFB2-84DD0EC42820">
<createdBy>ccarv</createdBy>
<createdTime>2026-02-09 02:09:37 UTC</createdTime>
<ownerDesignName>Entrega_Semana5</ownerDesignName>
<engineerTo>
<item key="888021BE-7018-6B1D-DD35-EAEEC0197658" value="true"/>
</engineerTo>
<sourcePk>5AB71045-6A35-EFC5-0314-0CA8B91B4691</sourcePk>
<identifying>false</identifying>
<optionalSource>true</optionalSource>
<optionalTarget>false</optionalTarget>
<sourceCardinality>1</sourceCardinality>
<sourceEntity>2CD5CA3C-2D74-1112-F1FB-FD04061BD43A</sourceEntity>
<targetCardinalityString>*</targetCardinalityString>
<targetEntity>27D05AF8-5A75-A07D-CBF3-0C81387077FC</targetEntity>
<transferable>true</transferable>
<deleteRule>NO ACTION</deleteRule>
</Relation>