<?xml version = '1.0' encoding = 'UTF-8'?>
<Relation class="oracle.dbtools.crest.model.design.logical.Relation" name="Marca-Producto" directorySegmentName="seg_0" id="65D505F9-CDEC-DA8D-5B7A-30C31EC2E485">
<createdBy>ccarv</createdBy>
<createdTime>2026-02-09 02:20:57 UTC</createdTime>
<ownerDesignName>Entrega_Semana5</ownerDesignName>
<engineerTo>
<item key="888021BE-7018-6B1D-DD35-EAEEC0197658" value="true"/>
</engineerTo>
<sourcePk>1519387E-AD4B-8245-D248-B6D139B61877</sourcePk>
<identifying>false</identifying>
<optionalSource>false</optionalSource>
<optionalTarget>false</optionalTarget>
<sourceCardinality>1</sourceCardinality>
<sourceEntity>8027B9C0-FFA6-D1FD-9299-2979C9F171DF</sourceEntity>
<targetCardinalityString>*</targetCardinalityString>
<targetEntity>829F9E6E-7127-CDA4-9C0E-B03B1A7C906C</targetEntity>
<transferable>true</transferable>
<deleteRule>NO ACTION</deleteRule>
</Relation>