<?xml version = '1.0' encoding = 'UTF-8'?>
<Relation class="oracle.dbtools.crest.model.design.logical.Relation" name="Producto-Boleta" directorySegmentName="seg_0" id="669A2B8A-A336-3DFC-8F3C-6550B97E8DF1">
<createdBy>ccarv</createdBy>
<createdTime>2026-02-09 02:25:02 UTC</createdTime>
<ownerDesignName>Entrega_Semana5</ownerDesignName>
<engineerTo>
<item key="888021BE-7018-6B1D-DD35-EAEEC0197658" value="true"/>
</engineerTo>
<sourcePk>8998A531-2040-BC07-1412-391F4834609D</sourcePk>
<identifying>false</identifying>
<optionalSource>true</optionalSource>
<optionalTarget>false</optionalTarget>
<sourceCardinality>*</sourceCardinality>
<sourceEntity>DFDDA42D-509F-2A9E-277C-33EE5B868C67</sourceEntity>
<targetCardinalityString>*</targetCardinalityString>
<targetEntity>AEC4CF8B-3657-010D-ABC3-E3B32AEF9FB6</targetEntity>
<transferable>true</transferable>
<deleteRule>NO ACTION</deleteRule>
</Relation>