<?xml version = '1.0' encoding = 'UTF-8'?>
<Relation class="oracle.dbtools.crest.model.design.logical.Relation" name="Categoría-Producto" directorySegmentName="seg_0" id="97C3A88A-6269-1903-6784-FF8A30A9F8F1">
<createdBy>ccarv</createdBy>
<createdTime>2026-02-09 02:22:35 UTC</createdTime>
<ownerDesignName>Entrega_Semana5</ownerDesignName>
<engineerTo>
<item key="888021BE-7018-6B1D-DD35-EAEEC0197658" value="true"/>
</engineerTo>
<sourcePk>AE479174-B53F-56F2-0431-4856BCCE12A9</sourcePk>
<identifying>false</identifying>
<optionalSource>true</optionalSource>
<optionalTarget>false</optionalTarget>
<sourceCardinality>1</sourceCardinality>
<sourceEntity>E7D3AC34-F603-3819-84C1-0CED21DB872B</sourceEntity>
<targetCardinalityString>*</targetCardinalityString>
<targetEntity>DFDDA42D-509F-2A9E-277C-33EE5B868C67</targetEntity>
<transferable>true</transferable>
<deleteRule>NO ACTION</deleteRule>
</Relation>