<?xml version = '1.0' encoding = 'UTF-8'?>
<Relation class="oracle.dbtools.crest.model.design.logical.Relation" name="Región-Comuna" directorySegmentName="seg_0" id="9D25F5E7-2738-D484-2C40-5040056481EA">
<createdBy>ccarv</createdBy>
<createdTime>2026-02-09 02:08:47 UTC</createdTime>
<ownerDesignName>Entrega_Semana5</ownerDesignName>
<engineerTo>
<item key="888021BE-7018-6B1D-DD35-EAEEC0197658" value="true"/>
</engineerTo>
<sourcePk>AAD3D9E8-8BEF-D20E-F751-D35136947D25</sourcePk>
<identifying>false</identifying>
<optionalSource>false</optionalSource>
<optionalTarget>false</optionalTarget>
<sourceCardinality>1</sourceCardinality>
<sourceEntity>53A53C2E-0AEF-C07D-B090-9528A51ED65F</sourceEntity>
<targetCardinalityString>*</targetCardinalityString>
<targetEntity>2CD5CA3C-2D74-1112-F1FB-FD04061BD43A</targetEntity>
<transferable>true</transferable>
<deleteRule>NO ACTION</deleteRule>
</Relation>