<?xml version = '1.0' encoding = 'UTF-8'?>
<Relation class="oracle.dbtools.crest.model.design.logical.Relation" name="Modelo-Producto" directorySegmentName="seg_0" id="BD227B5A-666D-362D-4315-DB844D36820F">
<createdBy>ccarv</createdBy>
<createdTime>2026-02-09 02:21:41 UTC</createdTime>
<ownerDesignName>Entrega_Semana5</ownerDesignName>
<engineerTo>
<item key="888021BE-7018-6B1D-DD35-EAEEC0197658" value="true"/>
</engineerTo>
<sourcePk>37B7DFA7-9823-E7CC-F3F6-72BE3C0F93A4</sourcePk>
<targetPk>8998A531-2040-BC07-1412-391F4834609D</targetPk>
<identifying>false</identifying>
<optionalSource>false</optionalSource>
<optionalTarget>false</optionalTarget>
<sourceCardinality>*</sourceCardinality>
<sourceEntity>829F9E6E-7127-CDA4-9C0E-B03B1A7C906C</sourceEntity>
<targetCardinalityString>1</targetCardinalityString>
<targetEntity>DFDDA42D-509F-2A9E-277C-33EE5B868C67</targetEntity>
<transferable>true</transferable>
<deleteRule>NO ACTION</deleteRule>
</Relation>