<?xml version = '1.0' encoding = 'UTF-8'?>
<Relation class="oracle.dbtools.crest.model.design.logical.Relation" name="Sucursal-Producto" directorySegmentName="seg_0" id="C8F803A1-FC5D-42B0-B9DB-5D4AFCE6902E">
<createdBy>ccarv</createdBy>
<createdTime>2026-02-09 02:20:27 UTC</createdTime>
<ownerDesignName>Entrega_Semana5</ownerDesignName>
<engineerTo>
<item key="888021BE-7018-6B1D-DD35-EAEEC0197658" value="true"/>
</engineerTo>
<sourcePk>AFE7A7CB-63D0-D281-E71F-FE1016E7E29F</sourcePk>
<identifying>false</identifying>
<optionalSource>true</optionalSource>
<optionalTarget>false</optionalTarget>
<sourceCardinality>*</sourceCardinality>
<sourceEntity>27D05AF8-5A75-A07D-CBF3-0C81387077FC</sourceEntity>
<targetCardinalityString>*</targetCardinalityString>
<targetEntity>DFDDA42D-509F-2A9E-277C-33EE5B868C67</targetEntity>
<transferable>true</transferable>
<deleteRule>NO ACTION</deleteRule>
<attributes itemClass="oracle.dbtools.crest.model.design.logical.Attribute">
<attribute name="Stock" id="DE58C106-B005-327D-FFF6-532A34BAD2BC">
<createdBy>ccarv</createdBy>
<createdTime>2026-02-09 02:29:33 UTC</createdTime>
<ownerDesignName>Entrega_Semana5</ownerDesignName>
<engineerTo>
<item key="888021BE-7018-6B1D-DD35-EAEEC0197658" value="true"/>
</engineerTo>
<nullsAllowed>true</nullsAllowed>
<useDomainConstraints>false</useDomainConstraints>
<use>1</use>
<logicalDatatype>LOGDT019</logicalDatatype>
<dataTypePrecision>4</dataTypePrecision>
<dataTypeScale>0</dataTypeScale>
<ownDataTypeParameters>,4,0</ownDataTypeParameters>
</attribute>
</attributes>
</Relation>