<?xml version = '1.0' encoding = 'UTF-8'?>
<Relation class="oracle.dbtools.crest.model.design.logical.Relation" name="Cliente-Boleta" directorySegmentName="seg_0" id="ED553A5F-6849-6776-DE48-957D275EE01C">
<createdBy>ccarv</createdBy>
<createdTime>2026-02-09 02:24:34 UTC</createdTime>
<ownerDesignName>Entrega_Semana5</ownerDesignName>
<engineerTo>
<item key="888021BE-7018-6B1D-DD35-EAEEC0197658" value="true"/>
</engineerTo>
<sourcePk>96EAF122-582C-D607-88A7-667B05F51F10</sourcePk>
<identifying>false</identifying>
<optionalSource>false</optionalSource>
<optionalTarget>false</optionalTarget>
<sourceCardinality>1</sourceCardinality>
<sourceEntity>B2F575C4-0EEB-0752-9685-FE9E5B3CB49D</sourceEntity>
<targetCardinalityString>*</targetCardinalityString>
<targetEntity>AEC4CF8B-3657-010D-ABC3-E3B32AEF9FB6</targetEntity>
<transferable>true</transferable>
<deleteRule>NO ACTION</deleteRule>
</Relation>