<?xml version = '1.0' encoding = 'UTF-8'?>
<Relation class="oracle.dbtools.crest.model.design.logical.Relation" name="Pasajero-Equipaje" directorySegmentName="seg_0" id="23D3B76D-6DC3-92EA-62E6-69579C87167B">
<createdBy>ccarv</createdBy>
<createdTime>2026-01-18 23:03:39 UTC</createdTime>
<ownerDesignName>Entrega_semana2_Catalina_Zapata_Raziel_Candia</ownerDesignName>
<engineerTo>
<item key="B17CA745-6698-C009-270C-E4AF4C8804B3" value="true"/>
</engineerTo>
<sourceTransferable>false</sourceTransferable>
<targetTransferable>false</targetTransferable>
<sourcePk>C98BF1D6-86D5-4DE5-BA3D-0AB835D53A94</sourcePk>
<targetPk>D736FF93-CD76-D0CC-B5DD-05116E097EA4</targetPk>
<identifying>false</identifying>
<optionalSource>false</optionalSource>
<optionalTarget>true</optionalTarget>
<sourceCardinality>1</sourceCardinality>
<sourceEntity>B0CADC77-09CC-A1A5-88AC-9B329C285693</sourceEntity>
<targetCardinalityString>*</targetCardinalityString>
<targetEntity>56C9ED84-7043-B804-BD14-4284074BC092</targetEntity>
<transferable>true</transferable>
<deleteRule>NO ACTION</deleteRule>
</Relation>