<?xml version = '1.0' encoding = 'UTF-8'?>
<Relation class="oracle.dbtools.crest.model.design.logical.Relation" name="Empleado-Pasajero" directorySegmentName="seg_0" id="5B33648E-E83C-9E65-ADA9-654579D4873F">
<createdBy>ccarv</createdBy>
<createdTime>2026-01-18 22:53:11 UTC</createdTime>
<ownerDesignName>Entrega_semana2_Catalina_Zapata_Raziel_Candia</ownerDesignName>
<engineerTo>
<item key="B17CA745-6698-C009-270C-E4AF4C8804B3" value="true"/>
</engineerTo>
<sourcePk>5410D7D7-F102-8433-E924-67A844752F72</sourcePk>
<targetPk>C98BF1D6-86D5-4DE5-BA3D-0AB835D53A94</targetPk>
<identifying>false</identifying>
<optionalSource>false</optionalSource>
<optionalTarget>true</optionalTarget>
<sourceCardinality>1</sourceCardinality>
<sourceEntity>A65DFF94-8FFC-AB17-D948-5B5BA98BA2D4</sourceEntity>
<targetCardinalityString>*</targetCardinalityString>
<targetEntity>B0CADC77-09CC-A1A5-88AC-9B329C285693</targetEntity>
<transferable>true</transferable>
<deleteRule>NO ACTION</deleteRule>
</Relation>