<?xml version = '1.0' encoding = 'UTF-8'?>
<Relation class="oracle.dbtools.crest.model.design.logical.Relation" name="Vuelo-Avion" directorySegmentName="seg_0" id="7AAC6590-647B-BCEC-1B58-383381D7D05A">
<createdBy>ccarv</createdBy>
<createdTime>2026-01-18 23:07:20 UTC</createdTime>
<ownerDesignName>Entrega_semana2_Catalina_Zapata_Raziel_Candia</ownerDesignName>
<engineerTo>
<item key="B17CA745-6698-C009-270C-E4AF4C8804B3" value="true"/>
</engineerTo>
<sourcePk>903DDDC7-8952-3763-D778-89F027FBE074</sourcePk>
<targetPk>C9792E1E-3B23-7EEE-20CF-42453030FF5B</targetPk>
<identifying>false</identifying>
<optionalSource>false</optionalSource>
<optionalTarget>false</optionalTarget>
<sourceCardinality>*</sourceCardinality>
<sourceEntity>5DD395DD-D7BA-F37D-E2A4-63DB50BE3B7D</sourceEntity>
<targetCardinalityString>1</targetCardinalityString>
<targetEntity>E3336607-3B2D-8FE6-7055-ACDC0CFF2C61</targetEntity>
<transferable>true</transferable>
<deleteRule>NO ACTION</deleteRule>
</Relation>