<?xml version = '1.0' encoding = 'UTF-8'?>
<Relation class="oracle.dbtools.crest.model.design.logical.Relation" name="Pasajeo-Reserva" directorySegmentName="seg_0" id="AC8211CB-184E-4497-6301-A493259292E0">
<createdBy>ccarv</createdBy>
<createdTime>2026-01-18 23:01:00 UTC</createdTime>
<ownerDesignName>Entrega_semana2_Catalina_Zapata_Raziel_Candia</ownerDesignName>
<engineerTo>
<item key="B17CA745-6698-C009-270C-E4AF4C8804B3" value="true"/>
</engineerTo>
<sourceTransferable>false</sourceTransferable>
<targetTransferable>false</targetTransferable>
<sourcePk>C98BF1D6-86D5-4DE5-BA3D-0AB835D53A94</sourcePk>
<targetPk>10A34551-4626-C506-AEFB-75BD9F6E9DCE</targetPk>
<identifying>false</identifying>
<optionalSource>false</optionalSource>
<optionalTarget>true</optionalTarget>
<sourceCardinality>1</sourceCardinality>
<sourceEntity>B0CADC77-09CC-A1A5-88AC-9B329C285693</sourceEntity>
<targetCardinalityString>*</targetCardinalityString>
<targetEntity>096C9406-C01E-190E-75AF-B4F6B7C38593</targetEntity>
<transferable>true</transferable>
<deleteRule>NO ACTION</deleteRule>
</Relation>