<?xml version = '1.0' encoding = 'UTF-8'?>
<Relation class="oracle.dbtools.crest.model.design.logical.Relation" name="Reserva-Vuelo" directorySegmentName="seg_0" id="DAACE51B-C58E-13B9-0BD7-865B64B395E5">
<createdBy>ccarv</createdBy>
<createdTime>2026-01-18 23:04:57 UTC</createdTime>
<ownerDesignName>Entrega_semana2_Catalina_Zapata_Raziel_Candia</ownerDesignName>
<engineerTo>
<item key="B17CA745-6698-C009-270C-E4AF4C8804B3" value="true"/>
</engineerTo>
<sourcePk>10A34551-4626-C506-AEFB-75BD9F6E9DCE</sourcePk>
<targetPk>903DDDC7-8952-3763-D778-89F027FBE074</targetPk>
<identifying>false</identifying>
<optionalSource>false</optionalSource>
<optionalTarget>false</optionalTarget>
<sourceCardinality>*</sourceCardinality>
<sourceEntity>096C9406-C01E-190E-75AF-B4F6B7C38593</sourceEntity>
<targetCardinalityString>1</targetCardinalityString>
<targetEntity>5DD395DD-D7BA-F37D-E2A4-63DB50BE3B7D</targetEntity>
<transferable>true</transferable>
<deleteRule>NO ACTION</deleteRule>
</Relation>