<?xml version = '1.0' encoding = 'UTF-8'?>
<Relation class="oracle.dbtools.crest.model.design.logical.InheritanceRelation" name="Hierarchy_1" directorySegmentName="seg_0" id="4DC9B6F7-7AD8-EFC5-AE0D-E4E1F92E6B69">
<createdBy>ccarv</createdBy>
<createdTime>2026-01-18 22:46:38 UTC</createdTime>
<ownerDesignName>Entrega_semana2_Catalina_Zapata_Raziel_Candia</ownerDesignName>
<engineerTo>
<item key="B17CA745-6698-C009-270C-E4AF4C8804B3" value="true"/>
</engineerTo>
<identifying>false</identifying>
<nameOnSource>Super Type</nameOnSource>
<nameOnTarget>Sub Type</nameOnTarget>
<optionalSource>true</optionalSource>
<optionalTarget>true</optionalTarget>
<sourceEntity>A65DFF94-8FFC-AB17-D948-5B5BA98BA2D4</sourceEntity>
<targetEntity>6B082FAE-F4A7-A5A6-F0D8-3215E1B3569C</targetEntity>
<transferable>true</transferable>
<deleteRule>NO ACTION</deleteRule>
</Relation>