<?xml version = '1.0' encoding = 'UTF-8'?>
<InheritanceRelation class="oracle.dbtools.crest.model.design.logical.InheritanceRelation" name="Hierarchy_3" directorySegmentName="seg_0" id="D3E0A664-8014-A6A7-07BD-5DC9DA29052A">
<createdBy>ccarv</createdBy>
<createdTime>2026-01-25 21:40:25 UTC</createdTime>
<ownerDesignName>Encargo_Semanal3_Zapata_Candia</ownerDesignName>
<engineerTo>
<item key="B2CA5730-239F-510A-FBDA-0C02FC95F244" value="true"/>
</engineerTo>
<identifying>false</identifying>
<nameOnSource>Super Type</nameOnSource>
<nameOnTarget>Sub Type</nameOnTarget>
<optionalSource>true</optionalSource>
<optionalTarget>true</optionalTarget>
<sourceEntity>F07CBEFE-E0A9-42CD-0369-C0EEE4DEB992</sourceEntity>
<targetEntity>0F2BDF0F-416D-C190-3C14-7314D1C41B9B</targetEntity>
<transferable>true</transferable>
<deleteRule>NO ACTION</deleteRule>
</InheritanceRelation>