<?xml version = '1.0' encoding = 'UTF-8'?>
<Diagram class="oracle.dbtools.crest.swingui.logical.DPVLogical" name="Logical" id="53D06F1A-5589-4FD4-3809-938EDBD718CC">
<createdBy>ccarv</createdBy>
<modifiedBy>ccarv</modifiedBy>
<createdTime>2026-02-09 00:52:15 UTC</createdTime>
<autoRoute>false</autoRoute>
<boxInbox>true</boxInbox>
<showLegend>false</showLegend>
<showLabels>false</showLabels>
<showRelAttributes>true</showRelAttributes>
<gridEnabled>false</gridEnabled>
<showGrid>false</showGrid>
<diagramColor>-1</diagramColor>
<display>false</display>
<notation>0</notation>
<objectViews>
<OView class="oracle.dbtools.crest.swingui.logical.TVEntity" oid="27D05AF8-5A75-A07D-CBF3-0C81387077FC" otype="Entity" vid="EA877229-B7F0-AF20-615F-1157AD838CB4">
<hideElementsInCurrentOnly>false</hideElementsInCurrentOnly>
<bounds x="920" y="6" width="187" height="94"/>
</OView>
<OView class="oracle.dbtools.crest.swingui.logical.TVEntity" oid="2CD5CA3C-2D74-1112-F1FB-FD04061BD43A" otype="Entity" vid="3BB0758B-C295-A819-2AD1-BE26EF086791">
<hideElementsInCurrentOnly>false</hideElementsInCurrentOnly>
<bounds x="1133" y="5" width="208" height="88"/>
</OView>
<OView class="oracle.dbtools.crest.swingui.logical.TVEntity" oid="53A53C2E-0AEF-C07D-B090-9528A51ED65F" otype="Entity" vid="A55B0661-6C3D-04E6-D906-6F522C69D562">
<hideElementsInCurrentOnly>false</hideElementsInCurrentOnly>
<bounds x="1370" y="6" width="199" height="85"/>
</OView>
<OView class="oracle.dbtools.crest.swingui.logical.TVEntity" oid="60D6A1E9-364C-38BD-E3DB-0242CDEC7632" otype="Entity" vid="41F9D5B4-513C-8722-9454-8B399A4D2190">
<hideElementsInCurrentOnly>false</hideElementsInCurrentOnly>
<bounds x="1128" y="272" width="179" height="58"/>
</OView>
<OView class="oracle.dbtools.crest.swingui.logical.TVEntity" oid="8027B9C0-FFA6-D1FD-9299-2979C9F171DF" otype="Entity" vid="CDC0B1A3-8644-1A06-0622-5F506F59EDA1">
<hideElementsInCurrentOnly>false</hideElementsInCurrentOnly>
<bounds x="559" y="353" width="199" height="76"/>
</OView>
<OView class="oracle.dbtools.crest.swingui.logical.TVEntity" oid="829F9E6E-7127-CDA4-9C0E-B03B1A7C906C" otype="Entity" vid="4076FB53-DF88-054B-23CE-BF410EA8C214">
<hideElementsInCurrentOnly>false</hideElementsInCurrentOnly>
<bounds x="549" y="179" width="212" height="112"/>
</OView>
<OView class="oracle.dbtools.crest.swingui.logical.TVEntity" oid="AEC4CF8B-3657-010D-ABC3-E3B32AEF9FB6" otype="Entity" vid="6FC41744-A306-C67E-10A7-05970FE3905D">
<hideElementsInCurrentOnly>false</hideElementsInCurrentOnly>
<bounds x="288" y="8" width="223" height="122"/>
</OView>
<OView class="oracle.dbtools.crest.swingui.logical.TVEntity" oid="B2F575C4-0EEB-0752-9685-FE9E5B3CB49D" otype="Entity" vid="CBE07AB8-691C-ACAB-C08D-F20CBF36DD55">
<hideElementsInCurrentOnly>false</hideElementsInCurrentOnly>
<bounds x="13" y="8" width="217" height="97"/>
</OView>
<OView class="oracle.dbtools.crest.swingui.logical.TVEntity" oid="BEABDDD0-A463-81BF-3946-428AF6F121DA" otype="Entity" vid="CF58D526-DF8A-4CCF-9834-EC18F8503ED0">
<hideElementsInCurrentOnly>false</hideElementsInCurrentOnly>
<bounds x="1120" y="140" width="211" height="284"/>
</OView>
<OView class="oracle.dbtools.crest.swingui.logical.TVEntity" oid="C23BD4E1-264F-7DA8-0EAC-78F8135626F2" otype="Entity" vid="5A5D54D8-A30A-08A3-C1BE-94064D5D150E">
<hideElementsInCurrentOnly>false</hideElementsInCurrentOnly>
<bounds x="1132" y="338" width="177" height="50"/>
</OView>
<OView class="oracle.dbtools.crest.swingui.logical.TVEntity" oid="DFDDA42D-509F-2A9E-277C-33EE5B868C67" otype="Entity" vid="8D224099-7643-083F-04C2-111A66DFC6D1">
<hideElementsInCurrentOnly>false</hideElementsInCurrentOnly>
<bounds x="546" y="6" width="225" height="134"/>
</OView>
<OView class="oracle.dbtools.crest.swingui.logical.TVEntity" oid="E7D3AC34-F603-3819-84C1-0CED21DB872B" otype="Entity" vid="BE507DA8-512E-47DD-8C8B-D5F58D9CF802">
<hideElementsInCurrentOnly>false</hideElementsInCurrentOnly>
<bounds x="795" y="158" width="215" height="78"/>
</OView>
</objectViews>
<connectors>
<Connector class="oracle.dbtools.crest.swingui.logical.TVRelation" oid="3004E51C-0F41-4E91-3AD4-84B4EC0E21FD" otype="Relation" vid_source="3BB0758B-C295-A819-2AD1-BE26EF086791" vid_target="CF58D526-DF8A-4CCF-9834-EC18F8503ED0">
<hideElementsInCurrentOnly>false</hideElementsInCurrentOnly>
<backgroundColor>-16777216</backgroundColor>
<lineWidth>1</lineWidth>
<points>
<point x="1232" y="93"/>
<point x="1232" y="140"/>
</points>
</Connector>
<Connector class="oracle.dbtools.crest.swingui.logical.TVRelation" oid="593551F4-7A1D-268C-BFB2-84DD0EC42820" otype="Relation" vid_source="3BB0758B-C295-A819-2AD1-BE26EF086791" vid_target="EA877229-B7F0-AF20-615F-1157AD838CB4">
<hideElementsInCurrentOnly>false</hideElementsInCurrentOnly>
<backgroundColor>-16777216</backgroundColor>
<lineWidth>1</lineWidth>
<points>
<point x="1133" y="49"/>
<point x="1107" y="49"/>
</points>
</Connector>
<Connector class="oracle.dbtools.crest.swingui.logical.TVRelation" oid="65D505F9-CDEC-DA8D-5B7A-30C31EC2E485" otype="Relation" vid_source="CDC0B1A3-8644-1A06-0622-5F506F59EDA1" vid_target="4076FB53-DF88-054B-23CE-BF410EA8C214">
<hideElementsInCurrentOnly>false</hideElementsInCurrentOnly>
<backgroundColor>-16777216</backgroundColor>
<lineWidth>1</lineWidth>
<points>
<point x="658" y="353"/>
<point x="658" y="291"/>
</points>
</Connector>
<Connector class="oracle.dbtools.crest.swingui.logical.TVRelation" oid="669A2B8A-A336-3DFC-8F3C-6550B97E8DF1" otype="Relation" vid_source="8D224099-7643-083F-04C2-111A66DFC6D1" vid_target="6FC41744-A306-C67E-10A7-05970FE3905D">
<hideElementsInCurrentOnly>false</hideElementsInCurrentOnly>
<backgroundColor>-16777216</backgroundColor>
<lineWidth>1</lineWidth>
<points>
<point x="546" y="69"/>
<point x="511" y="69"/>
</points>
</Connector>
<Connector class="oracle.dbtools.crest.swingui.logical.TVRelation" oid="97C3A88A-6269-1903-6784-FF8A30A9F8F1" otype="Relation" vid_source="BE507DA8-512E-47DD-8C8B-D5F58D9CF802" vid_target="8D224099-7643-083F-04C2-111A66DFC6D1">
<hideElementsInCurrentOnly>false</hideElementsInCurrentOnly>
<backgroundColor>-16777216</backgroundColor>
<lineWidth>1</lineWidth>
<points>
<point x="916" y="158"/>
<point x="916" y="89"/>
<point x="771" y="89"/>
</points>
</Connector>
<Connector class="oracle.dbtools.crest.swingui.logical.TVRelation" oid="9D25F5E7-2738-D484-2C40-5040056481EA" otype="Relation" vid_source="A55B0661-6C3D-04E6-D906-6F522C69D562" vid_target="3BB0758B-C295-A819-2AD1-BE26EF086791">
<hideElementsInCurrentOnly>false</hideElementsInCurrentOnly>
<backgroundColor>-16777216</backgroundColor>
<lineWidth>1</lineWidth>
<points>
<point x="1370" y="48"/>
<point x="1341" y="48"/>
</points>
</Connector>
<Connector class="oracle.dbtools.crest.swingui.logical.TVInheritanceRelation" oid="AA47C864-D061-FEA3-1C04-F49D14D32F29" otype="Hierarchy relation" vid_source="CF58D526-DF8A-4CCF-9834-EC18F8503ED0" vid_target="5A5D54D8-A30A-08A3-C1BE-94064D5D150E">
<hideElementsInCurrentOnly>false</hideElementsInCurrentOnly>
<backgroundColor>-65536</backgroundColor>
<lineWidth>1</lineWidth>
</Connector>
<Connector class="oracle.dbtools.crest.swingui.logical.TVInheritanceRelation" oid="B38871C6-2D6E-1628-953E-00C7393F3990" otype="Hierarchy relation" vid_source="CF58D526-DF8A-4CCF-9834-EC18F8503ED0" vid_target="41F9D5B4-513C-8722-9454-8B399A4D2190">
<hideElementsInCurrentOnly>false</hideElementsInCurrentOnly>
<backgroundColor>-65536</backgroundColor>
<lineWidth>1</lineWidth>
</Connector>
<Connector class="oracle.dbtools.crest.swingui.logical.TVRelation" oid="BD227B5A-666D-362D-4315-DB844D36820F" otype="Relation" vid_source="4076FB53-DF88-054B-23CE-BF410EA8C214" vid_target="8D224099-7643-083F-04C2-111A66DFC6D1">
<hideElementsInCurrentOnly>false</hideElementsInCurrentOnly>
<backgroundColor>-16777216</backgroundColor>
<lineWidth>1</lineWidth>
<points>
<point x="655" y="179"/>
<point x="655" y="140"/>
</points>
</Connector>
<Connector class="oracle.dbtools.crest.swingui.logical.TVRelation" oid="C8F803A1-FC5D-42B0-B9DB-5D4AFCE6902E" otype="Relation" vid_source="EA877229-B7F0-AF20-615F-1157AD838CB4" vid_target="8D224099-7643-083F-04C2-111A66DFC6D1">
<hideElementsInCurrentOnly>false</hideElementsInCurrentOnly>
<backgroundColor>-16777216</backgroundColor>
<lineWidth>1</lineWidth>
<centerLabel class="oracle.dbtools.crest.model.design.Label">
<site>1</site>
<labelBounds x="21" y="0" width="60" height="32"/>
<noBackgroundColor>true</noBackgroundColor>
<noForegroundColor>true</noForegroundColor>
</centerLabel>
<points>
<point x="920" y="53"/>
<point x="771" y="53"/>
</points>
</Connector>
<Connector class="oracle.dbtools.crest.swingui.logical.TVRelation" oid="ED553A5F-6849-6776-DE48-957D275EE01C" otype="Relation" vid_source="CBE07AB8-691C-ACAB-C08D-F20CBF36DD55" vid_target="6FC41744-A306-C67E-10A7-05970FE3905D">
<hideElementsInCurrentOnly>false</hideElementsInCurrentOnly>
<backgroundColor>-16777216</backgroundColor>
<lineWidth>1</lineWidth>
<points>
<point x="230" y="71"/>
<point x="288" y="71"/>
</points>
</Connector>
</connectors>
</Diagram>